group_index,differential_level,amplitude,mean,std_dev
1,0,64,-8.636726609197336e-10,1.350366869838614e-09
1,0.0039215689,55.9980281351302,1.906918986626749e-07,1.035450434301777e-08
1,0.0078431377,57.97746374025078,1.92701402032989e-07,1.019757864891587e-08
1,0.011764707,54.95307203367406,1.962805494596179e-07,9.831230379992453e-09
1,0.015686275,54.03699339356766,1.966600821002368e-07,9.309753542256926e-09
1,0.019607844,58.13731520080514,1.933294384382312e-07,8.345510081085515e-09
1,0.023529414,54.64207279517306,1.874015283563661e-07,8.609448262500227e-09
1,0.027450982,55.78061052269141,1.803656384324434e-07,7.768817845776291e-09
1,0.031372551,57.32547654532805,1.722942339578362e-07,7.625411049765292e-09
1,0.035294119,53.98647591319828,1.638728597572716e-07,7.085233564079049e-09
1,0.039215688,55.22009090374239,1.559803405552874e-07,6.945220346021488e-09
1,0.043137256,54.15557337285971,1.493132303630244e-07,6.426660923846838e-09
1,0.047058828,57,1.42839483149e-07,6.17651907148697e-09
1,0.050980397,58.14250471999234,1.384441310090965e-07,5.489843722392796e-09
1,0.054901965,58.34637619680358,1.352947345693976e-07,5.703842327243557e-09
1,0.058823533,55.31916224190968,1.326443208276026e-07,5.705838735246145e-09
1,0.062745102,57.16850740812168,1.317020370033062e-07,5.26807641806448e-09
1,0.06666667,60.44374048201485,1.326173274735863e-07,5.907332030453978e-09
1,0.070588239,52.96521746386086,1.355025121349589e-07,5.382038901891767e-09
1,0.074509807,60,1.3972081673e-07,5.524872948860802e-09
1,0.078431375,53.81466009473235,1.451559674978597e-07,6.135639151370518e-09
1,0.082352944,56.39017540389072,1.527181458587398e-07,6.392363113160593e-09
1,0.086274512,56.88011323007672,1.613063946692492e-07,7.661536616858317e-09
1,0.090196081,55.07293836960119,1.71960195350735e-07,7.588301278082956e-09
1,0.094117656,58.34024610818886,1.845183230698887e-07,7.272835286215732e-09
1,0.098039225,56.84485583311439,1.990758637904899e-07,8.142176164505262e-09
1,0.10196079,56.24713902464848,2.16056325310235e-07,7.912399571135731e-09
1,0.10588236,59.31814453496002,2.349771444836948e-07,9.020369582258181e-09
1,0.10980393,57.22517341597146,2.561517244050907e-07,9.105895415715739e-09
1,0.1137255,55.45795617533462,2.792832918387901e-07,9.717608729425312e-09
1,0.11764707,56.2264101576474,3.049611390907217e-07,9.987099978246292e-09
1,0.12156864,55.76923393476356,3.328128216655902e-07,1.077532657261759e-08
1,0.1254902,54.98513474154312,3.631426177414471e-07,1.22136710853602e-08
1,0.12941177,57.7965670686241,3.958939645740754e-07,1.337609824661012e-08
1,0.13333334,54.27812795809167,4.320772836959657e-07,1.371579547454614e-08
1,0.13725491,56.71682473269192,4.696484309304926e-07,1.470643288080519e-08
1,0.14117648,56.45241054807222,5.09914578213996e-07,1.641905485148418e-08
1,0.14509805,56.33731170975675,5.550379512896494e-07,1.686928324843349e-08
1,0.14901961,54.89083826649376,6.011673654937523e-07,1.668037294595981e-08
1,0.15294118,56.01565694723242,6.492015819238436e-07,1.830593180971686e-08
1,0.15686275,59.84715474313253,7.03646019189126e-07,2.006634452794621e-08
1,0.16078432,51.35277680884338,7.573420436947887e-07,2.227921475612048e-08
1,0.16470589,55.72755058129292,8.134555587924208e-07,2.251751197794881e-08
1,0.16862746,55.42258366253224,8.706271804462771e-07,2.465255876371962e-08
1,0.17254902,55.16977125611952,9.359607493916774e-07,2.611360189993806e-08
1,0.17647059,54.90302356787314,9.99194216657401e-07,2.748150787591071e-08
1,0.18039216,58.32047412738456,1.068384397984564e-06,3.029125227350779e-08
1,0.18431373,51.5515915439849,1.140256322938185e-06,3.127280133143702e-08
1,0.18823531,54.42445877401931,1.215325095055436e-06,3.089779580197966e-08
1,0.19215688,53.75899254870406,1.292276201725188e-06,3.371182944217267e-08
1,0.19607845,56.39213286705486,1.374347971398648e-06,3.668974613605021e-08
1,0.20000002,58.25502366642823,1.461964773431013e-06,3.860904649334612e-08
1,0.20392159,53.94424169986357,1.551380973275286e-06,4.222306731274263e-08
1,0.20784315,54.81020387759642,1.642411589210854e-06,4.514351912286751e-08
1,0.21176472,58.4041773599344,1.744001872186568e-06,4.607524365613863e-08
1,0.21568629,57.40036306395018,1.846260645459806e-06,4.868764083634035e-08
1,0.21960786,56.27057866742061,1.954010438259672e-06,5.41803681559993e-08
1,0.22352943,55.23870457759967,2.064933759593462e-06,5.590374158089747e-08
1,0.227451,54.04942670158609,2.186613581480807e-06,5.281720661936868e-08
1,0.23137257,54.66408834701304,2.303815579301371e-06,5.636366421445033e-08
1,0.23529413,53.99225861925768,2.426772283227818e-06,5.926767600942552e-08
1,0.2392157,60.12038567194333,2.55230946402836e-06,6.471102016047761e-08
1,0.24313727,54.30844510137465,2.673730315361215e-06,6.366318119233666e-08
1,0.24705884,55.81739855044997,2.797620486460156e-06,7.014235983548282e-08
1,0.25098041,52.36990545354686,2.929927396841678e-06,6.271846578626319e-08
1,0.25490198,52.9716507044704,3.057075160792591e-06,7.660587198256976e-08
1,0.25882354,57.25756007701811,3.183632524272746e-06,7.958374645782288e-08
1,0.26274511,57.9733431524972,3.315248791328079e-06,8.053261543145551e-08
1,0.26666668,55.48629945848102,3.441118940215797e-06,8.252669952882063e-08
1,0.27058825,55.55626841677903,3.564841378251042e-06,8.390447226137011e-08
1,0.27450982,54.62967367217868,3.692041004905039e-06,8.829519669191732e-08
1,0.27843139,53.5211140888914,3.815689821643528e-06,9.227131564456539e-08
1,0.28235295,56.82351974761441,3.941429225425318e-06,8.605990503097008e-08
1,0.28627452,57.31005177916842,4.059850886979242e-06,8.968922300448811e-08
1,0.29019609,55.68226271035339,4.171521431395035e-06,9.160410666036574e-08
1,0.29411766,56.99386920510652,4.287530268287931e-06,8.785698797539367e-08
1,0.29803923,56.33329438651404,4.404237512423557e-06,8.374444712200127e-08
1,0.3019608,54.04458473930823,4.507436792273942e-06,9.095836447733685e-08
1,0.30588236,56.59127861390207,4.610618505052799e-06,9.396333932144193e-08
1,0.30980393,56.14144292026379,4.709882094691342e-06,8.418861702237374e-08
1,0.3137255,56.96156552459038,4.807996632199945e-06,8.457402805442229e-08
1,0.31764707,55.28281233824107,4.90288276658191e-06,8.368347578147303e-08
1,0.32156864,56.18166826048067,4.996157411617532e-06,8.027021922806051e-08
1,0.32549021,55.7149853120136,5.067024043059944e-06,8.025327705381892e-08
1,0.32941177,55.13492684057665,5.14454346961778e-06,7.819847099481761e-08
1,0.33333334,57.26736926547323,5.230840355760487e-06,8.161053091851572e-08
1,0.33725491,54.3820833215394,5.292272215587269e-06,7.836370712019155e-08
1,0.34117648,54.24944437976208,5.367621475454821e-06,7.751855799576916e-08
1,0.34509805,52.6060395257411,5.437150686662814e-06,7.800228303175849e-08
1,0.34901962,55.59345797449282,5.497418206506498e-06,7.645532809930362e-08
1,0.35294119,57.79302224476996,5.567445474092544e-06,7.97004598280893e-08
1,0.35686275,55.95191496629793,5.617361640061029e-06,7.839800038878828e-08
1,0.36078432,56.41433906113691,5.664961908868586e-06,7.854701271256825e-08
1,0.36470589,56.3851928600831,5.717734577877048e-06,6.752619658235064e-08
1,0.36862746,57.1011025860138,5.768252919933409e-06,7.225172364245983e-08
1,0.37254903,55.29626654825617,5.810543483144594e-06,7.216022238689398e-08
1,0.37647063,58.97383970044068,5.851638303859293e-06,7.106116867635752e-08
1,0.38039219,53.74400797448101,5.886755980421599e-06,6.872697628722185e-08
1,0.38431376,61.91090698078284,5.925076586199864e-06,6.560592950136718e-08
1,0.38823533,55.40978393878772,5.956828958915393e-06,6.083894297109557e-08
1,0.3921569,59.13333948628318,5.985254706749374e-06,6.165268041919389e-08
1,0.39607847,54.98623289107138,6.006672302267089e-06,5.868874714019051e-08
1,0.40000004,55.6235572173355,6.028706725393887e-06,6.093213338829257e-08
1,0.4039216,53.73298268010873,6.054981420572042e-06,5.322173359955852e-08
1,0.40784317,55.04984626539917,6.085047714917909e-06,6.152380919376028e-08
1,0.41176474,63.20704037509719,6.120075086060776e-06,7.008103948415834e-08
1,0.41568631,69.72903867418664,6.131274335965289e-06,6.496172906269828e-08
1,0.41960788,91.61392160972635,6.181766629392786e-06,8.439815177762832e-08
1,0.42352945,83.15876146372385,6.164606322130375e-06,7.231829590456123e-08
1,0.42745101,200.1784492474947,6.273339971797302e-06,1.095800515039651e-07
1,0.43137258,77.52817296188179,6.162794736642332e-06,7.891128195399259e-08
1,0.43529415,58.78247299643674,6.107996647739343e-06,6.75239090108364e-08
1,0.43921572,53.10467881830921,6.081059137920248e-06,5.207138819574336e-08
1,0.44313729,55.34053025717788,6.054975067023931e-06,5.160439157102666e-08
1,0.44705886,54.7060316550518,6.039885344176049e-06,5.116443859588129e-08
1,0.45098042,54.85139792197072,6.010870261891576e-06,5.487390359254781e-08
1,0.45490199,57.24450136060366,5.981689776526705e-06,5.367066750920331e-08
1,0.45882356,56.04549876091476,5.952959852049255e-06,5.790554276401881e-08
1,0.46274513,58.40064451981217,5.913859328809744e-06,5.781477972439617e-08
1,0.4666667,56.57464478520428,5.870756964577894e-06,5.450074437403769e-08
1,0.47058827,57.55917635933831,5.83413102246535e-06,5.722333722033854e-08
1,0.47450984,56.97246912980822,5.783176935470735e-06,5.663283526661604e-08
1,0.4784314,57.819424688275,5.730705828529066e-06,5.499965481540724e-08
1,0.48235297,56.81606728045886,5.67919084928757e-06,5.826918282373422e-08
1,0.48627454,58.6182817734104,5.622502890700545e-06,5.686562866115873e-08
1,0.49019611,54.24204398722586,5.555836949281382e-06,5.802560946385657e-08
1,0.49411768,60.38476687908975,5.486498728715495e-06,5.656084308403309e-08
1,0.49803925,57.62118148778498,5.411581956773717e-06,5.392946307807065e-08
1,0.50196075,58.45337772533924,5.340294595274956e-06,5.963468883367624e-08
1,0.50588232,56.83283661453057,5.260616838108402e-06,5.695530814710953e-08
1,0.50980389,52.37700473842542,5.175986272833605e-06,5.809172611321347e-08
1,0.51372546,58.08533447171915,5.087808367121683e-06,5.576438415044689e-08
1,0.51764703,53.04976552699248,4.995114274937521e-06,5.91494613784665e-08
1,0.5215686,55.28477732555041,4.900239217287254e-06,6.143081617282189e-08
1,0.52549016,57.49450317187198,4.794237193633519e-06,5.989210283335342e-08
1,0.52941173,58.97591301467828,4.694201837326494e-06,6.463840080253343e-08
1,0.5333333,55.24365238222316,4.586618113665159e-06,6.179116342753797e-08
1,0.53725487,55.75111333285677,4.480438640284653e-06,6.435630483271153e-08
1,0.54117644,57.33975121560124,4.366458662901677e-06,5.916450102899445e-08
1,0.54509801,54.14503210346285,4.246516313146346e-06,5.74755495837528e-08
1,0.54901958,55.21797416780022,4.128816575464949e-06,5.598031693957719e-08
1,0.55294114,57.16785667420407,4.007478650499182e-06,5.978424847034346e-08
1,0.55686271,55.93366715436865,3.883840983588141e-06,5.781983223044428e-08
1,0.56078428,56.76419541561994,3.75381082437131e-06,5.478140823860928e-08
1,0.56470585,56.73433896812237,3.62479350312384e-06,5.319384991131903e-08
1,0.56862742,57.84656208112889,3.494460527240915e-06,5.42873032721499e-08
1,0.57254899,56.24213578123459,3.35684773274982e-06,5.231146838157145e-08
1,0.57647055,58.65719127503039,3.222770513127666e-06,5.135921202645048e-08
1,0.58039212,57.49211764748121,3.081376683522268e-06,5.01776376397893e-08
1,0.58431369,56.18289170494469,2.943719334701738e-06,4.726814493628728e-08
1,0.58823526,56.77316792749215,2.802864663698125e-06,4.658593837258768e-08
1,0.59215683,57.729760189568,2.665832871801108e-06,4.416402269843527e-08
1,0.5960784,56.33893119434764,2.523811392194921e-06,4.381826971765967e-08
1,0.59999996,59.26197011130539,2.381770469350327e-06,4.032583795352584e-08
1,0.60392153,55.82479311451982,2.238015794345739e-06,3.916421157565492e-08
1,0.6078431,53.61639589199634,2.095612754968912e-06,3.505113028078861e-08
1,0.61176467,55.14213622460183,1.953868984781004e-06,3.263379509004446e-08
1,0.61568624,55.07150309627887,1.812935589424367e-06,3.095912653396242e-08
1,0.61960781,58.69501266403051,1.672791239159895e-06,2.817802232689704e-08
1,0.62352937,57.44566432467623,1.534323924413394e-06,2.714184922885036e-08
1,0.62745094,56.47164392680157,1.39809301405466e-06,2.551662347789921e-08
1,0.63137257,59.94686760043448,1.26454089639778e-06,2.329603583863195e-08
1,0.63529408,60.96721121553544,1.134073403363068e-06,2.150079621036827e-08
1,0.63921571,63.60368259483361,1.008747855741984e-06,1.98398637304527e-08
1,0.64313722,69.88089146674312,8.877446091110829e-07,1.74217698964572e-08
1,0.64705884,74.74404789662462,7.723295948616974e-07,1.494841618442796e-08
1,0.65098035,77.86310676484325,6.629484280938303e-07,1.365475615756474e-08
1,0.65490198,77.61403919685023,5.610182932098178e-07,1.238168269163081e-08
1,0.65882349,83.79703167339916,4.66553452213985e-07,1.050431061440504e-08
1,0.66274512,88.10582675707198,3.803455082917649e-07,9.201430988466938e-09
1,0.66666663,99.65879604249722,3.036582183319906e-07,6.39639071431597e-09
1,0.67058825,98.03832461839376,2.352876913019078e-07,6.554406110141436e-09
1,0.67450976,106.4771230797889,1.767919345169026e-07,5.957412301932702e-09
1,0.67843139,59.34553540903587,1.269415112184004e-07,9.911200616621769e-09
1,0.6823529,51.59877316188559,8.77625035926319e-08,8.411730523645072e-09
1,0.68627453,75.03850106699934,6.317166279669018e-08,4.637932093785834e-09
1,0.69019604,141,3.674576357141e-08,4.947981159964795e-09
1,0.69411767,156,2.0789190287075e-08,3.177889161292973e-09
1,0.69803917,138,1.02870444697935e-08,1.783793434802689e-09
1,0.7019608,92,3.770772669536251e-09,7.995972657625818e-10
1,0.70588231,77,-6.025011923273549e-11,2.528288468831798e-10
1,0.70980394,53.83140011824005,-9.659001628748232e-09,1.206588583010095e-08
1,0.71372545,64.00000006117138,-6.152544466151242e-09,1.011906295564863e-08
1,0.71764708,77.00000004538565,-6.860703680019274e-09,7.04192500133546e-09
1,0.72156858,71.00000008947167,-7.939480905713817e-09,1.117552168695963e-08
1,0.72549021,64,-2.230669663397405e-10,2.371429227734101e-10
1,0.72941172,71.00000011670416,-7.055085418877525e-09,9.313452880921484e-09
1,0.73333335,73.99999992277921,-8.531079300415626e-09,1.157831713941353e-08
1,0.73725486,58.00000011823995,-4.326964686363752e-09,9.644155335481856e-09
1,0.74117649,73.99999999767044,-7.347774488510268e-09,8.888505613783705e-09
1,0.74509799,66.99999996354252,-6.219284637368316e-09,9.158557129867964e-09
1,0.74901962,62.00000004981843,-6.134189105047672e-09,1.118446932802533e-08
1,0.75294113,70.00000018732331,-6.904230522675639e-09,9.461975338603136e-09
1,0.75686276,65,-1.690180380089453e-10,2.332604131703983e-10
1,0.76078427,64.00000017851558,-5.99470453948106e-09,9.965382416760481e-09
1,0.7647059,72.00000011557825,-6.793214268381895e-09,8.475504681354194e-09
1,0.76862741,65.0000000760932,-6.539707670105468e-09,1.066031005632357e-08
1,0.77254903,73.00000017215295,-6.73212833486436e-09,8.130571486167864e-09
1,0.77647054,58.00000000060992,-5.044107197229897e-09,1.09999355586587e-08
1,0.78039217,63.00000003959104,-7.105008725306635e-09,1.283233900407019e-08
1,0.78431368,70.0000000608651,-7.487344064664571e-09,1.05619551525914e-08
1,0.78823531,69.00000005940404,-6.921512174084872e-09,9.867724658446318e-09
1,0.79215682,64.00000006739523,-6.414852441112266e-09,1.091435160061144e-08
1,0.79607844,59.00000006961186,-4.978786233301384e-09,1.035585121417933e-08
1,0.79999995,75.0000000667786,-8.296183401478419e-09,1.060609608390901e-08
1,0.80392158,71.99999995133417,-5.712290431741084e-09,6.679975592818868e-09
1,0.80784309,69.99999997894803,-6.924292205554858e-09,9.491045206534829e-09
1,0.81176472,61.9999998455539,-4.639180491063647e-09,8.490500640221921e-09
1,0.81568629,61.99999947563116,-4.753935400269586e-09,8.630495154133989e-09
1,0.81960785,77.00000009702774,-8.52298010188194e-09,1.044844627149995e-08
1,0.82352942,64.00000005464868,-5.78836261198143e-09,9.584052984718995e-09
1,0.82745099,78.00000007326217,-7.57334402794611e-09,8.189361351072984e-09
1,0.83137256,60.99999985363561,-5.54611444591222e-09,1.053426836010059e-08
1,0.83529413,64,-1.688902742526345e-10,2.340489811476798e-10
1,0.8392157,67.00000001485549,-7.507129654404204e-09,1.186882986754437e-08
1,0.84313726,62,-1.771980169457163e-10,2.268847570001699e-10
1,0.84705883,71.99999998181798,-8.037963215456373e-09,1.118809106869083e-08
1,0.8509804,78.00000018006071,-7.566822698664238e-09,8.187635360700081e-09
1,0.85490197,70.0000000342814,-6.324436714596791e-09,8.329614247786128e-09
1,0.85882354,76.99999985784957,-7.250228767518877e-09,7.809749500943857e-09
1,0.86274511,60,-1.739186253508132e-10,2.333559885505569e-10
1,0.86666667,59.99999987965583,-5.437356532849009e-09,1.079093984497562e-08
1,0.87058824,61.99999997834731,-6.737874489786974e-09,1.259075816807292e-08
1,0.87450981,64.99999980120882,-5.655077676305167e-09,8.952699161006278e-09
1,0.87843138,75.99999996700704,-6.950781374491065e-09,7.560323292260768e-09
1,0.88235295,59,-1.68947901470924e-10,2.309509753516671e-10
1,0.88627452,63.99999986148935,-5.204327671699312e-09,8.630556800055581e-09
1,0.89019608,67.99999991754925,-6.628980103618815e-09,9.686429155215265e-09
1,0.89411765,68.99999994058989,-6.566682503213265e-09,9.142130301329597e-09
1,0.89803922,77.99999984799462,-7.683943265389931e-09,8.332353553107538e-09
1,0.90196079,57.99999985350162,-5.918156614273125e-09,1.283315197177674e-08
1,0.90588236,70.99999992327484,-6.718536581708568e-09,8.777799738356444e-09
1,0.90980393,65.99999998577522,-6.580619871391866e-09,1.038291060569333e-08
1,0.9137255,73.00000004933142,-7.657937715257452e-09,9.893286186875089e-09
1,0.91764706,59.99999987651843,-6.821423004725529e-09,1.377505186979547e-08
1,0.92156863,63,-1.636950101805838e-10,2.337648259040161e-10
1,0.9254902,75.00000025862569,-7.81400632722782e-09,9.633748720917478e-09
1,0.92941177,65.99999996092558,-6.822679327355829e-09,1.09275325484796e-08
1,0.93333334,61.00000002960154,-6.053510232001991e-09,1.153623100834543e-08
1,0.93725491,70.00000005230959,-7.072042382788218e-09,9.759109904424245e-09
1,0.94117647,63.00000017842542,-5.155879790219017e-09,8.884942035267545e-09
1,0.94509804,82.00000005382502,-8.396597405363783e-09,8.720386144635444e-09
1,0.94901961,63.99999996370479,-5.644963281032802e-09,9.392356577789261e-09
1,0.95294118,69.00000008252358,-6.700216080432564e-09,9.393028075372473e-09
1,0.95686275,74.99999997030268,-8.145487272484756e-09,1.02660999856745e-08
1,0.96078432,54.10086271858459,-8.205864996595696e-09,1.001948677150297e-08
1,0.96470588,68.00000013896833,-6.903626468999908e-09,1.02441069602083e-08
1,0.96862745,58.0000000279874,-4.690915433380695e-09,1.034880983021814e-08
1,0.97254902,73.00000005681875,-6.642741122162755e-09,7.924219241484128e-09
1,0.97647059,77.00000002673272,-8.275025210436277e-09,9.937969226758564e-09
1,0.98039216,63.99999985398739,-5.644623600068149e-09,9.363393284927747e-09
1,0.98431373,67.99999990322266,-7.233387734197031e-09,1.096234499366697e-08
1,0.98823529,60.9999999584147,-5.382389590632819e-09,1.019711065215042e-08
1,0.99215686,68.99999999066203,-7.53386555674014e-09,1.109014400679053e-08
1,0.99607843,71.9999999527253,-6.414203560655148e-09,7.825570275765653e-09
1,1,70.00000014201916,-6.823337093207049e-09,9.305553708894854e-09
2,0,61,-8.464288472016323e-10,1.398517219258423e-09
2,0.0039215689,64.99999980814518,-5.463172789114804e-09,8.603163290456768e-09
2,0.0078431377,83.99999998484091,-8.474122394352967e-09,8.3371261366583e-09
2,0.011764707,59,-1.44462757418444e-10,2.207403075707264e-10
2,0.015686275,68.0000001894222,-7.021689208850216e-09,1.052584310224062e-08
2,0.019607844,74.99999985431886,-6.96448709855936e-09,7.935736137737446e-09
2,0.023529414,55.61922328915817,1.786142368725307e-07,9.968381143069064e-09
2,0.027450982,57.59606840168338,1.774454851373762e-07,8.845876455517445e-09
2,0.031372551,53.18588783916849,1.782531020903189e-07,7.685540055766218e-09
2,0.035294119,54.02264668592964,1.764724458215934e-07,7.977866118666823e-09
2,0.039215688,56.78973742841988,1.735370387669202e-07,7.749263238776609e-09
2,0.043137256,57.0922735434487,1.68334885672097e-07,7.314076917814814e-09
2,0.047058828,56.67397777461259,1.620978596976278e-07,7.439758538227966e-09
2,0.050980397,59.11651808930669,1.549493494213739e-07,7.491296168609359e-09
2,0.054901965,54.30720538935912,1.476245396588284e-07,7.344126143563947e-09
2,0.058823533,50.79000968260782,1.41069294079428e-07,6.824634399627571e-09
2,0.062745102,54.36544199322463,1.351574534185318e-07,6.347410416131687e-09
2,0.06666667,54.96230837870609,1.3075439448041e-07,6.421180626878331e-09
2,0.070588239,53.82494253568498,1.271587796646982e-07,5.931999209001817e-09
2,0.074509807,64,1.253451233301e-07,6.079801559407155e-09
2,0.078431375,65,1.24217707427125e-07,5.885157957545273e-09
2,0.082352944,69,1.24819566582825e-07,5.719321877420318e-09
2,0.086274512,61,1.277508410705e-07,5.6597353953682e-09
2,0.090196081,65,1.317857841132e-07,5.61267138852243e-09
2,0.094117656,56.21008786466645,1.370449853896524e-07,6.268993884098198e-09
2,0.098039225,58.8997287582726,1.448015557188087e-07,4.774303508974654e-09
2,0.10196079,57.02029073612242,1.521611175024503e-07,5.990044255618881e-09
2,0.10588236,54.0689662100135,1.608746597859078e-07,6.411116381115063e-09
2,0.10980393,52.53573168976035,1.716494952561237e-07,6.627359550387332e-09
2,0.1137255,53.79318954059887,1.839973128844388e-07,7.130723284653118e-09
2,0.11764707,50.52990291889157,1.987015863351371e-07,7.338705806379458e-09
2,0.12156864,52.57698397928368,2.147867493299967e-07,7.84507751899389e-09
2,0.1254902,52.68602321107574,2.330375660108956e-07,9.349030749551402e-09
2,0.12941177,55.21051709250703,2.536654271683016e-07,1.042366854315653e-08
2,0.13333334,50.43518553156602,2.766822689183757e-07,1.092839164604777e-08
2,0.13725491,53.34171153549667,3.016838922549083e-07,1.079877515448319e-08
2,0.14117648,54.30190245573336,3.277247771133648e-07,1.256577997961598e-08
2,0.14509805,55.58386271579054,3.568530860052378e-07,1.333576110343409e-08
2,0.14901961,53.00355235706487,3.881687851906898e-07,1.266775109162365e-08
2,0.15294118,57.22201474848704,4.216570040531609e-07,1.46702325788772e-08
2,0.15686275,55.01661944711181,4.585829385038359e-07,1.583858870824022e-08
2,0.16078432,58.90053958728726,4.978807528083004e-07,1.633668877193794e-08
2,0.16470589,56.24730713586565,5.38777405402163e-07,1.898018337784365e-08
2,0.16862746,57.79019850735615,5.835899369598361e-07,1.979329626107876e-08
2,0.17254902,54.27941104319279,6.293399024423824e-07,2.099922145944894e-08
2,0.17647059,59.18071125299253,6.772136702172806e-07,2.320156994685738e-08
2,0.18039216,55.20473922352131,7.287298798609904e-07,2.39100918231251e-08
2,0.18431373,54.26491896134433,7.84372705252201e-07,2.645166170572635e-08
2,0.18823531,57.12766225803452,8.40198318768997e-07,2.805726429619521e-08
2,0.19215688,56.09298165275235,9.026660243648796e-07,2.952791059890726e-08
2,0.19607845,56.72815558705796,9.633243057925422e-07,3.091595610819243e-08
2,0.20000002,58.75657305351228,1.031372511327e-06,3.39228339424908e-08
2,0.20392159,56.36059600695159,1.103674368146762e-06,3.501758637479064e-08
2,0.20784315,57.80706914424439,1.177499875019379e-06,3.805066356766581e-08
2,0.21176472,60.39285128106273,1.253134765777105e-06,4.016308747705908e-08
2,0.21568629,55.43352187919395,1.332887208140577e-06,4.068924569712638e-08
2,0.21960786,55.28517130715709,1.418708165925762e-06,4.336200819582704e-08
2,0.22352943,53.63072591309231,1.509920960804015e-06,4.749995627315535e-08
2,0.227451,55.47312851225129,1.602972780572225e-06,5.057835017944659e-08
2,0.23137257,54.21263209611147,1.69677298390376e-06,5.292686706476515e-08
2,0.23529413,56.41983706865754,1.802730620573796e-06,5.794918007494652e-08
2,0.2392157,57.03041626620593,1.910381981095746e-06,6.032078636199461e-08
2,0.24313727,55.34800039835535,2.024843940203146e-06,6.285716077805724e-08
2,0.24705884,55.84957898541427,2.133670292309093e-06,7.10531339147765e-08
2,0.25098041,52.68610807501287,2.261837862808047e-06,6.874083648859793e-08
2,0.25490198,57.76048838236782,2.380984449409905e-06,8.015874940399975e-08
2,0.25882354,54.71808759855713,2.50714321580425e-06,7.795357551379385e-08
2,0.26274511,59.06786730741872,2.633299950619873e-06,8.71754071747688e-08
2,0.26666668,56.36986338515322,2.761256789691195e-06,8.931273908499799e-08
2,0.27058825,56.10916892395236,2.890361487728476e-06,9.896406881453458e-08
2,0.27450982,54.33338334995404,3.021987625344725e-06,9.712964925699397e-08
2,0.27843139,57.38199477352963,3.154211634690263e-06,1.012914782739457e-07
2,0.28235295,59.76712881802276,3.277043052600081e-06,1.066964169297881e-07
2,0.28627452,57.28540103513964,3.407390766621538e-06,1.072320909522888e-07
2,0.29019609,57.76241590805868,3.540328674601251e-06,1.048034190089206e-07
2,0.29411766,55.38779732383546,3.659672322406743e-06,1.125705991328551e-07
2,0.29803923,55.75672490236225,3.789707382567437e-06,1.142425032448129e-07
2,0.3019608,56.63757345964209,3.907851309004054e-06,1.194619745564727e-07
2,0.30588236,57.45100657985437,4.033243017104216e-06,1.166711800776192e-07
2,0.30980393,56.18601864078625,4.150643709150119e-06,1.130495623323602e-07
2,0.3137255,58.79030621838137,4.266998740276862e-06,1.120660286084598e-07
2,0.31764707,60.16774146410319,4.395486818008915e-06,1.061974760147096e-07
2,0.32156864,57.89027506511817,4.504954270827495e-06,1.089810503616853e-07
2,0.32549021,55.11258500384852,4.608434069451802e-06,1.123004093605054e-07
2,0.32941177,58.03544808973559,4.706324390012478e-06,1.163481108494698e-07
2,0.33333334,52.30416056059346,4.815073225513242e-06,1.137297338060543e-07
2,0.33725491,57.24155007823619,4.896751647265934e-06,1.095818143400712e-07
2,0.34117648,56.87155401954232,4.989272690610896e-06,1.099894882355443e-07
2,0.34509805,56.45411059075764,5.081630577808755e-06,9.681405800857669e-08
2,0.34901962,56.89020394414687,5.165135323441035e-06,9.310226863502938e-08
2,0.35294119,54.65144907085027,5.237722129942522e-06,8.022322436994731e-08
2,0.35686275,57.35004147802563,5.31261844809301e-06,8.921437789877458e-08
2,0.36078432,60.17804947773683,5.393215633575253e-06,8.837192892418771e-08
2,0.36470589,56.48881108413848,5.4626077176859e-06,7.724920008170193e-08
2,0.36862746,58.8228269414804,5.5117383343773e-06,8.336110932966121e-08
2,0.37254903,58.45533288110705,5.577428614178264e-06,7.445538137061794e-08
2,0.37647063,56.65904221627274,5.640166374620191e-06,7.298510503404362e-08
2,0.38039219,55.38435597340039,5.687261827366445e-06,7.202509630242396e-08
2,0.38431376,57.02029150953132,5.738978576812116e-06,6.536516950196288e-08
2,0.38823533,53.96124483253559,5.78396041940888e-06,6.967216896838101e-08
2,0.3921569,54.84561804434172,5.822486661097733e-06,6.552769760536403e-08
2,0.39607847,54.97670174784591,5.865216313627216e-06,6.633971788081568e-08
2,0.40000004,58.15637908255453,5.900206790108117e-06,6.572098044912443e-08
2,0.4039216,60.74790126085688,5.935111077016052e-06,6.084205891003053e-08
2,0.40784317,59.31333561855264,5.966227491390952e-06,5.692437605832291e-08
2,0.41176474,58.85195932126246,5.996386696212498e-06,6.162340715624696e-08
2,0.41568631,57.00090570925165,6.018060888062823e-06,5.945945947852504e-08
2,0.41960788,55.44848782611091,6.044687922204286e-06,6.189580198617109e-08
2,0.42352945,53.48428993973213,6.062802884166701e-06,5.769099607000106e-08
2,0.42745101,52.22067028258243,6.087377392943223e-06,6.256863635636311e-08
2,0.43137258,59.79999552173771,6.102285953171001e-06,6.093046633238828e-08
2,0.43529415,73.56800926477919,6.139942186082913e-06,7.351056130952077e-08
2,0.43921572,118.1494719815396,6.217661921012038e-06,9.427322240837255e-08
2,0.44313729,71.52267043174578,6.144767301781157e-06,7.211204577657546e-08
2,0.44705886,64.32438741947642,6.135218979585319e-06,6.796019098725738e-08
2,0.45098042,64.52362935716103,6.125796435398505e-06,6.772949015686177e-08
2,0.45490199,53.81514406821777,6.091639355147064e-06,5.518921676439265e-08
2,0.45882356,55.70736798771712,6.080349036585676e-06,5.961106831953295e-08
2,0.46274513,56.85400676026824,6.049057552656049e-06,5.026722448931889e-08
2,0.4666667,55.21840003973097,6.030721156317691e-06,5.210333511492109e-08
2,0.47058827,51.59293805490012,6.001185304122651e-06,4.794014723052222e-08
2,0.47450984,60.71796310449531,5.967523213831097e-06,5.410526848632201e-08
2,0.4784314,55.10822131953372,5.931385294505558e-06,5.439623541984192e-08
2,0.48235297,55.29319024122228,5.895220836000368e-06,5.563949904695142e-08
2,0.48627454,57.88850419417157,5.855686687061591e-06,5.819762702465261e-08
2,0.49019611,56.14412634080684,5.804237159997092e-06,5.572941931087899e-08
2,0.49411768,56.64917275867834,5.754466152007025e-06,5.739982660032278e-08
2,0.49803925,55.00698029029955,5.698632054540976e-06,5.408194439634565e-08
2,0.50196075,59.0449599156107,5.640313317113973e-06,5.698733150271675e-08
2,0.50588232,56.04459787858369,5.578253436565593e-06,5.71557353367227e-08
2,0.50980389,57.8762243476728,5.509412831665996e-06,5.312014552401792e-08
2,0.51372546,56.10782063271854,5.440317389461907e-06,5.220385444893361e-08
2,0.51764703,55.09849934042193,5.368318782730776e-06,5.489351323085956e-08
2,0.5215686,56.52062493853773,5.283835185676796e-06,5.662998092524578e-08
2,0.52549016,58.0922134425945,5.205915345309505e-06,5.706052098476861e-08
2,0.52941173,56.68019409119196,5.120173026196391e-06,5.842069099596856e-08
2,0.5333333,59.34403590141821,5.032882260494061e-06,5.644892170623464e-08
2,0.53725487,59.56702615406384,4.940110000909878e-06,5.596328883198235e-08
2,0.54117644,56.84226641177849,4.840305606318519e-06,5.256519037480519e-08
2,0.54509801,55.57025456775897,4.738203182672343e-06,5.149088185468774e-08
2,0.54901958,59.80211789094373,4.634252000610675e-06,5.15409879091486e-08
2,0.55294114,56.43882546147833,4.528316489838569e-06,4.861690409886107e-08
2,0.55686271,57.82873874171003,4.411018756671693e-06,5.138974496437643e-08
2,0.56078428,58.17284398289523,4.301430974593906e-06,4.949634595386605e-08
2,0.56470585,56.28892275871181,4.182539840255989e-06,4.62051565911875e-08
2,0.56862742,52.5347179281146,4.063685523163376e-06,4.450523404275063e-08
2,0.57254899,55.80226786896893,3.942441922328873e-06,4.457669982356216e-08
2,0.57647055,54.34175231690166,3.818838746951791e-06,4.345220792923608e-08
2,0.58039212,55.24286749549236,3.691048981609329e-06,4.188889012531425e-08
2,0.58431369,54.88088991793848,3.562841316419477e-06,4.123244496014074e-08
2,0.58823526,57.03630209784188,3.430904877334736e-06,4.229705411336673e-08
2,0.59215683,52.37333043886075,3.296866729652007e-06,3.639688838819647e-08
2,0.5960784,54.50111028166778,3.163384114652516e-06,3.758138416666086e-08
2,0.59999996,55.42285128955344,3.026895595948261e-06,3.779375127206226e-08
2,0.60392153,60.4706217168143,2.88734185600063e-06,3.571151331509274e-08
2,0.6078431,58.79772078875708,2.750639804657585e-06,3.631078939361791e-08
2,0.61176467,54.20109142868279,2.61538802542619e-06,3.333731156043732e-08
2,0.61568624,57.27666241345108,2.475095267763451e-06,3.335479946569055e-08
2,0.61960781,54.99383483805524,2.335211108406331e-06,3.212256911871976e-08
2,0.62352937,57.58320245608905,2.194304495821699e-06,2.976826656853578e-08
2,0.62745094,53.48108936171133,2.054418776282197e-06,2.896941802329831e-08
2,0.63137257,55.15288475892052,1.914182356840854e-06,2.737751204892852e-08
2,0.63529408,54.31664232346711,1.775099882743644e-06,2.710638817162593e-08
2,0.63921571,57.19698647362043,1.636865803334554e-06,2.485527226513653e-08
2,0.64313722,58.32697833899825,1.500846796080595e-06,2.178659544504738e-08
2,0.64705884,51.66350193990095,1.366417967290459e-06,2.097132275438629e-08
2,0.65098035,52.7240078281285,1.235726425376236e-06,2.005054751385921e-08
2,0.65490198,57.81567735522135,1.108985795060736e-06,1.859007042696802e-08
2,0.65882349,54.80946446094814,9.852916510902764e-07,1.671141764211676e-08
2,0.66274512,55.19047558473564,8.665655543950879e-07,1.550571775173435e-08
2,0.66666663,53.68793152546952,7.531816257512052e-07,1.390821666555649e-08
2,0.67058825,54.83164315211888,6.465466673047401e-07,1.251449183743106e-08
2,0.67450976,53.92706244895044,5.471841467292453e-07,1.143464441924131e-08
2,0.67843139,57.54008639611337,4.547950850918713e-07,9.788769019213842e-09
2,0.6823529,55.12323807801123,3.703835727714262e-07,8.180688136028787e-09
2,0.68627453,53.819135088854,2.948988385495542e-07,6.881419621473242e-09
2,0.69019604,54.11066800718695,2.286515898470282e-07,5.797757147336407e-09
2,0.69411767,57,1.71677671183675e-07,4.442063477378152e-09
2,0.69803917,61,1.24029245113425e-07,3.388398928721723e-09
2,0.7019608,64,8.568303748832e-08,2.442283170327755e-09
2,0.70588231,58,5.609099381947e-08,1.672132329723107e-09
2,0.70980394,57,3.43515159173675e-08,1.061351587707006e-09
2,0.71372545,58,1.92782736363525e-08,6.407660517352945e-10
2,0.71764708,55,9.453565473977499e-09,3.827228529463556e-10
2,0.72156858,56,3.43696683916375e-09,2.560752971958462e-10
2,0.72549021,66.00000017707976,-6.725007022646277e-09,1.086201702169749e-08
2,0.72941172,74.99999990584445,-7.458103763359752e-09,8.392309189724995e-09
2,0.73333335,63.99999998544779,-6.242262262165487e-09,1.028342283697996e-08
2,0.73725486,74.00000003730496,-7.586388481271e-09,9.296891162779128e-09
2,0.74117649,70.0000000600258,-8.039479889114517e-09,1.183165565559031e-08
2,0.74509799,64.99999993760609,-5.53929554734546e-09,8.713502950233127e-09
2,0.74901962,66.99999986897822,-7.331326014582331e-09,1.152619146350118e-08
2,0.75294113,66,-1.72604063976437e-10,2.278233317477677e-10
2,0.75686276,77.00000001649238,-8.370910828574748e-09,1.009237924484628e-08
2,0.76078427,60.99999998268163,-5.656654625493892e-09,1.068358273769809e-08
2,0.7647059,65.00000017755968,-5.579647429913923e-09,8.821011587456139e-09
2,0.76862741,61.00000014167956,-4.768903721733738e-09,9.070142521922717e-09
2,0.77254903,70.99999999815351,-6.916178412564937e-09,9.11219318248421e-09
2,0.77647054,68.99999999683162,-7.539986522286273e-09,1.11187125312599e-08
2,0.78039217,59.0000002849779,-5.360899439004172e-09,1.109235536784257e-08
2,0.78431368,64.00000001774025,-5.685884631375356e-09,9.424947826252699e-09
2,0.78823531,72.99999996619196,-7.163880148117676e-09,8.922685766567011e-09
2,0.79215682,60.99999996625693,-6.213924376515883e-09,1.187497059505268e-08
2,0.79607844,68.00000012531633,-6.990704615187848e-09,1.03559950567301e-08
2,0.79999995,66.99999984563009,-7.460885403856091e-09,1.178832992168006e-08
2,0.80392158,68.99999974681397,-6.199461661906868e-09,8.476406553685367e-09
2,0.80784309,61.99999991890689,-5.794601230388632e-09,1.05412297716047e-08
2,0.81176472,62.99999992770493,-6.036393956184921e-09,1.056373692773724e-08
2,0.81568629,66.00000017219259,-6.375940279040835e-09,9.911333474211103e-09
2,0.81960785,65.00000008705702,-5.940167422924921e-09,9.473545968149771e-09
2,0.82352942,64.00000008626375,-6.46693593788151e-09,1.097692469647932e-08
2,0.82745099,56.99999959900167,-4.826770165794403e-09,1.11343436571704e-08
2,0.83137256,65.00000001740194,-5.651213504175546e-09,8.968110406126421e-09
2,0.83529413,68.99999993558819,-7.073071268674673e-09,1.015957100666944e-08
2,0.8392157,60.00000006599079,-5.232405022902204e-09,1.036345380401161e-08
2,0.84313726,71.99999997538011,-7.613506199615476e-09,1.019786825568149e-08
2,0.84705883,66.00000001860178,-5.826093659855924e-09,8.908899835309076e-09
2,0.8509804,63.99999995563309,-6.277652734116422e-09,1.059686033689862e-08
2,0.85490197,66.0000000966746,-6.283864680911766e-09,9.743084886135201e-09
2,0.85882354,74.99999992863282,-6.670812466329958e-09,7.383735471172799e-09
2,0.86274511,67.99999995510218,-7.627702776500507e-09,1.173012993266419e-08
2,0.86666667,65.00000012432157,-5.988352432156259e-09,9.609377562653073e-09
2,0.87058824,70.99999996127411,-7.419824709262434e-09,1.014538809208834e-08
2,0.87450981,73.99999999206463,-7.407443225255358e-09,9.082709690261903e-09
2,0.87843138,67.00000000623646,-7.44033972849231e-09,1.176881929195298e-08
2,0.88235295,66.99999999998735,-7.263234003032736e-09,1.138944259862476e-08
2,0.88627452,55.00000020612722,-5.026246697156873e-09,1.267838648281921e-08
2,0.89019608,61.99999981320852,-6.746167981720999e-09,1.254321916349957e-08
2,0.89411765,67.99999997648968,-6.083148852469688e-09,8.599478114804612e-09
2,0.89803922,62.99999993914918,-4.78209205757667e-09,8.258291522093651e-09
2,0.90196079,69.0000000528253,-7.971725107344039e-09,1.218772220616455e-08
2,0.90588236,55.9999998847934,-4.24012727396101e-09,1.05758976481145e-08
2,0.90980393,67.00000008024783,-6.988761764799486e-09,1.081816288920201e-08
2,0.9137255,72.99999995332297,-7.113013315053877e-09,8.803748659076756e-09
2,0.91764706,75.99999991377994,-8.211946193719924e-09,1.012865642634524e-08
2,0.92156863,72.00000001921838,-8.158587786354091e-09,1.141700872279531e-08
2,0.9254902,42.33958304782787,-3.07797428474738e-09,1.776142269452363e-07
2,0.92941177,75.99999998484554,-8.32271073729084e-09,1.03543848913291e-08
2,0.93333334,67.99999997061097,-6.635397932015781e-09,9.660617669101994e-09
2,0.93725491,68.00000002992347,-7.175594675803564e-09,1.075400334414749e-08
2,0.94117647,75.00000002996956,-7.374553408616892e-09,8.707353779660011e-09
2,0.94509804,62.9999998619514,-5.43965307153754e-09,9.4261505581598e-09
2,0.94901961,75.00000004063438,-8.405238814133525e-09,1.09525296904071e-08
2,0.95294118,64.99999999258584,-6.02626438051112e-09,9.655692865039721e-09
2,0.95686275,63.99999998939201,-6.622574016356307e-09,1.131168486359496e-08
2,0.96078432,74.00000007268093,-7.92797250402466e-09,1.020250379880182e-08
2,0.96470588,61,-1.396029924653437e-10,2.223955621287475e-10
2,0.96862745,69.00000012273414,-7.794825691578582e-09,1.178469406774952e-08
2,0.97254902,61,-1.565830790271347e-10,2.274037467357906e-10
2,0.97647059,68.99999996441248,-7.862081807529386e-09,1.192423848416719e-08
2,0.98039216,64.99999999713187,-5.001788620410125e-09,7.892085329331318e-09
2,0.98431373,71.00000001873825,-6.997788316751109e-09,9.310450225663055e-09
2,0.98823529,70.00000003502062,-7.549373291205009e-09,1.080127659605706e-08
2,0.99215686,72.99999994277034,-7.480121148302274e-09,9.532999859446069e-09
2,0.99607843,69.00000002863813,-7.697760013740226e-09,1.145577840757922e-08
2,1,70.00000002920238,-7.456422112373287e-09,1.06131788310302e-08
3,0,63,-8.454819279687485e-10,1.477923393969101e-09
3,0.0039215689,54,-1.692360303858745e-10,2.262590308239558e-10
3,0.0078431377,65.99999994012816,-7.543272800449451e-09,1.242264759930537e-08
3,0.011764707,65.99999993198485,-5.786610170945837e-09,8.844956599399242e-09
3,0.015686275,76.9999999014469,-7.787939327556409e-09,8.917882914342241e-09
3,0.019607844,73.00000001269866,-7.395117089222321e-09,9.357862083140516e-09
3,0.023529414,56.26106106234442,-9.09263955925371e-09,1.088561663606808e-08
3,0.027450982,71.99999988958353,-8.09191532550169e-09,1.122644207142156e-08
3,0.031372551,60,-1.482561592466453e-10,2.229949555679096e-10
3,0.035294119,68.99999991562495,-6.961643795099833e-09,9.944961973852115e-09
3,0.039215688,67.00000012174603,-6.967837324218903e-09,1.0719978468023e-08
3,0.043137256,58.49742440119229,1.848645719420524e-07,2.367579364006549e-08
3,0.047058828,60.31425229216941,1.899569387268498e-07,1.711302110560545e-08
3,0.050980397,54.54892607004324,1.864462023245498e-07,1.653639397866857e-08
3,0.054901965,55.33191916890719,1.842492625454486e-07,1.267480492106379e-08
3,0.058823533,50.40386831471714,1.786859707654512e-07,1.305442917766518e-08
3,0.062745102,55.58288026318064,1.738137251122401e-07,1.027303703333356e-08
3,0.06666667,51.16092332592928,1.668313127730793e-07,9.798061750144945e-09
3,0.070588239,51.63969183253625,1.59400516534129e-07,9.823526393631638e-09
3,0.074509807,53.64102952094903,1.531342831316418e-07,8.564032833010065e-09
3,0.078431375,55.08835661298601,1.472953156209283e-07,8.812827100435683e-09
3,0.082352944,53.94244274172611,1.417641788054912e-07,8.185800233546962e-09
3,0.086274512,53.60368051981643,1.379551382728362e-07,8.563668931109583e-09
3,0.090196081,54.8682496305955,1.340998064039876e-07,8.632915093704578e-09
3,0.094117656,53.50708056186836,1.316835019302958e-07,8.810745249953343e-09
3,0.098039225,51.63440424596718,1.307895595616369e-07,8.47035913588187e-09
3,0.10196079,52.82445008388911,1.299641531844591e-07,1.00475645370117e-08
3,0.10588236,53.18349686277408,1.329070973518935e-07,8.03062638366015e-09
3,0.10980393,53.51081460158093,1.36529981544994e-07,7.929477110733937e-09
3,0.1137255,38.93463958665081,1.400801812498331e-07,1.326804984765752e-08
3,0.11764707,51.2383221210489,1.475254594651554e-07,8.768099026863006e-09
3,0.12156864,43.73572130026631,1.530311960990108e-07,1.446308072437591e-08
3,0.1254902,45.16273272038065,1.611935654864395e-07,1.411185098187453e-08
3,0.12941177,43.22794426713131,1.729044540902424e-07,1.615067991865095e-08
3,0.13333334,44.57269776175425,1.863200610730393e-07,1.249624677361232e-08
3,0.13725491,49.63173975238749,2.023200752763486e-07,1.025249920312521e-08
3,0.14117648,49.20112494523992,2.182963989626484e-07,1.140078076272093e-08
3,0.14509805,47.47584526410812,2.355736444983176e-07,1.220029447092432e-08
3,0.14901961,51.51972356676215,2.560250907457764e-07,1.255412796382275e-08
3,0.15294118,48.78382962631562,2.78562577527618e-07,1.252616204052277e-08
3,0.15686275,59.57116433717494,3.02157510427662e-07,1.399393478413805e-08
3,0.16078432,56.63291730531461,3.301857224318256e-07,1.463417225415742e-08
3,0.16470589,52.73769420798914,3.59047115752633e-07,1.50859431410267e-08
3,0.16862746,60.64961010639129,3.895238763550152e-07,1.582937251049333e-08
3,0.17254902,57.49907166670855,4.248593747953065e-07,1.711298844395928e-08
3,0.17647059,56.180443529421,4.604927623842344e-07,1.671675493100126e-08
3,0.18039216,58.36408136363384,4.994100677061455e-07,1.876635499641009e-08
3,0.18431373,55.68477369297486,5.398018003629156e-07,1.985954169538207e-08
3,0.18823531,54.08896224452482,5.8541688002237e-07,2.036882332019827e-08
3,0.19215688,53.98997263979516,6.309990818457753e-07,2.138873564647565e-08
3,0.19607845,49.85235410468702,6.800441080943438e-07,2.188885868650206e-08
3,0.20000002,55.28581708362895,7.310195311566356e-07,2.424302821555407e-08
3,0.20392159,58.01196488568979,7.841344240390163e-07,2.310133675560873e-08
3,0.20784315,56.00558582115454,8.411003816883537e-07,2.442810107528421e-08
3,0.21176472,54.56435907507345,8.990418532031169e-07,2.772933190395786e-08
3,0.21568629,57.03892174607857,9.61408001600685e-07,2.930746553818323e-08
3,0.21960786,57.80245204647623,1.025689614803845e-06,3.083566625036715e-08
3,0.22352943,55.70448711003162,1.094953760898116e-06,3.373931814726061e-08
3,0.227451,55.68709757975878,1.166813275803271e-06,3.940379742515668e-08
3,0.23137257,56.69191536176707,1.24347814696887e-06,3.875939113642877e-08
3,0.23529413,58.193215854722,1.323522953485199e-06,4.344711249824751e-08
3,0.2392157,55.14817635103453,1.408191000426635e-06,4.495634028635831e-08
3,0.24313727,57.00969616392252,1.499270618657453e-06,4.656415626254207e-08
3,0.24705884,55.10521418516823,1.590541989709028e-06,4.471334188151621e-08
3,0.25098041,54.51623269851129,1.688206343016656e-06,4.868039227272248e-08
3,0.25490198,53.82547543116312,1.790541035091556e-06,5.374705219282065e-08
3,0.25882354,53.53451860665458,1.896995561460256e-06,5.185819199417747e-08
3,0.26274511,54.87252098649576,2.006218393547407e-06,5.84096121547446e-08
3,0.26666668,54.58641301434088,2.118087483936032e-06,6.381302476307096e-08
3,0.27058825,57.23159488321378,2.241028784043559e-06,6.714033533372572e-08
3,0.27450982,56.05021863780317,2.359015317599129e-06,6.414017819157189e-08
3,0.27843139,58.06100720572574,2.486123948443693e-06,6.841848868956331e-08
3,0.28235295,56.55548558387082,2.60679711581932e-06,6.563827535144181e-08
3,0.28627452,55.99283112359495,2.734954659783295e-06,7.506063468167574e-08
3,0.29019609,55.32774441742401,2.85767405161578e-06,8.251627321772366e-08
3,0.29411766,55.99997855707913,2.991764795178839e-06,8.760473830838168e-08
3,0.29803923,55.05375249935918,3.122631186631568e-06,8.505751477865451e-08
3,0.3019608,55.96842024064394,3.258882887311738e-06,9.069246147849104e-08
3,0.30588236,54.98399563088525,3.376274162694476e-06,8.810339368695674e-08
3,0.30980393,55.00344672699541,3.503925221030309e-06,9.498574084266776e-08
3,0.3137255,56.73035527057894,3.642326465058533e-06,8.921915720416805e-08
3,0.31764707,55.11547580371246,3.769769784037393e-06,1.022308949144019e-07
3,0.32156864,57.47617498826661,3.88705046192018e-06,9.748729048929815e-08
3,0.32549021,56.07998389961065,4.012981422495319e-06,1.038831846950425e-07
3,0.32941177,56.06309319237942,4.142236138420609e-06,1.038284342840959e-07
3,0.33333334,57.49415838702175,4.252904379521734e-06,1.066165665555158e-07
3,0.33725491,55.23804469461147,4.370435198329219e-06,1.038754754918324e-07
3,0.34117648,60.59085690047246,4.478505713435949e-06,1.145470518131473e-07
3,0.34509805,56.17683602299022,4.593752251040213e-06,1.022619802836903e-07
3,0.34901962,57.94865425464275,4.697327043905614e-06,1.114126964751174e-07
3,0.35294119,56.60103235833874,4.79485405150747e-06,1.055902349903952e-07
3,0.35686275,58.84150578251289,4.891888125354925e-06,1.019573826163141e-07
3,0.36078432,59.70748098945655,4.976605943357195e-06,1.062144845132657e-07
3,0.36470589,56.32179085182504,5.07731935918847e-06,8.640069439945337e-08
3,0.36862746,56.96202588021113,5.147797303746151e-06,9.147796276616538e-08
3,0.37254903,57.99537806410617,5.224660717422195e-06,9.683743083807227e-08
3,0.37647063,53.85022878988467,5.302600546412111e-06,8.755153265791136e-08
3,0.38039219,56.61795568328048,5.372356700117494e-06,7.912473162395102e-08
3,0.38431376,57.87418766278453,5.444683178929514e-06,8.972640858391017e-08
3,0.38823533,58.64822826926989,5.504926325965845e-06,8.512930900533693e-08
3,0.3921569,59.81500344301232,5.570277291209397e-06,7.779278404765021e-08
3,0.39607847,61.83858519786268,5.624222379519062e-06,8.345256261924572e-08
3,0.40000004,55.60584135367265,5.672779626788897e-06,7.753009725472769e-08
3,0.4039216,55.32897877067815,5.722484535511848e-06,8.206614886007932e-08
3,0.40784317,52.41640841308483,5.768023446513822e-06,8.295376947425521e-08
3,0.41176474,58.37827202669811,5.810759185878024e-06,8.184034189695211e-08
3,0.41568631,56.92249062496575,5.848598046809825e-06,7.679400920423465e-08
3,0.41960788,53.91400954334943,5.880932075427624e-06,7.485198116853412e-08
3,0.42352945,58.05955186329294,5.91842883599101e-06,7.44261156278305e-08
3,0.42745101,59.13545250211886,5.95423603681295e-06,7.532924423844697e-08
3,0.43137258,58.40590495158552,5.977684458903631e-06,7.035862002064349e-08
3,0.43529415,55.64552729948895,6.00666383328001e-06,7.418141979007701e-08
3,0.43921572,54.66437693231327,6.024515076824928e-06,7.125730399272903e-08
3,0.44313729,56.43739146027457,6.046546482255652e-06,6.9307760236845e-08
3,0.44705886,58.97236053458592,6.079354824568769e-06,7.895162033605126e-08
3,0.45098042,58.08121155181102,6.11045099501813e-06,8.408263884802859e-08
3,0.45490199,68.94812037772097,6.132580391573041e-06,8.358138188214181e-08
3,0.45882356,85.36703546304909,6.169281237529918e-06,8.847585559704623e-08
3,0.46274513,97.91504703006447,6.199562250848004e-06,9.965928253159018e-08
3,0.4666667,68.21325835077097,6.15182938422455e-06,8.652338754892488e-08
3,0.47058827,59.79159805949038,6.111876435336292e-06,6.346653939469012e-08
3,0.47450984,57.74515469584861,6.105825404313696e-06,6.746201947928591e-08
3,0.4784314,54.02135865225883,6.077406387640346e-06,5.806147551390668e-08
3,0.48235297,54.39897133499271,6.054867624196468e-06,5.934472074532704e-08
3,0.48627454,55.71613242079393,6.0308924336102e-06,5.905662778300609e-08
3,0.49019611,62.59563449797336,6.005182765025768e-06,5.591882074480664e-08
3,0.49411768,55.92544036272855,5.979439825625092e-06,6.027458952939339e-08
3,0.49803925,53.3652003122023,5.948929252120348e-06,6.208756401240519e-08
3,0.50196075,55.96914534030833,5.910480530307492e-06,5.756114366433663e-08
3,0.50588232,55.21800483678511,5.875588993458409e-06,6.634588959778523e-08
3,0.50980389,56.12272987422558,5.819501271584508e-06,6.30856474289989e-08
3,0.51372546,53.72868219060525,5.777864441286864e-06,6.144564589321656e-08
3,0.51764703,58.93639089125681,5.72187949715242e-06,6.418351408028392e-08
3,0.5215686,57.53579581122411,5.669268059116359e-06,6.322767667684303e-08
3,0.52549016,57.07875022033586,5.603103297168442e-06,6.872057284278792e-08
3,0.52941173,55.05637444818503,5.536565860819432e-06,6.030505376306716e-08
3,0.5333333,55.63499750880234,5.464502938136403e-06,6.626784899890213e-08
3,0.53725487,51.10139673782444,5.394019297982381e-06,6.260854590057703e-08
3,0.54117644,55.5985126906284,5.311466686350486e-06,6.658059906033591e-08
3,0.54509801,55.14390428625879,5.230913950100377e-06,6.429709950210792e-08
3,0.54901958,56.31091042075974,5.148431716893626e-06,6.563231837041738e-08
3,0.55294114,54.33314499934644,5.059812651952183e-06,6.613791346419646e-08
3,0.55686271,57.2462735218177,4.96502577526311e-06,7.023327422950501e-08
3,0.56078428,57.48039549174865,4.867312419119364e-06,6.919692544994566e-08
3,0.56470585,59.38038613383414,4.763632760547126e-06,6.664373602773936e-08
3,0.56862742,54.97777934012423,4.661941634562393e-06,7.057490843177218e-08
3,0.57254899,58.22948224295614,4.556186295219553e-06,6.648260311436337e-08
3,0.57647055,58.99820795140229,4.44060183123057e-06,6.47022521626608e-08
3,0.58039212,58.12333309582393,4.328817025761031e-06,6.757960873078884e-08
3,0.58431369,57.93038404483516,4.212190275419443e-06,6.614308738315645e-08
3,0.58823526,58.95583617846493,4.090429316770766e-06,6.44713924059126e-08
3,0.59215683,56.92009973826161,3.967794391583727e-06,6.091222298713709e-08
3,0.5960784,57.48548920986328,3.841730159019778e-06,5.864704233356076e-08
3,0.59999996,56.96542538858355,3.711778463971739e-06,5.511482311776926e-08
3,0.60392153,57.19464457399922,3.588128833965623e-06,5.516321731687975e-08
3,0.6078431,53.77765723863551,3.45525894995914e-06,5.461514271519299e-08
3,0.61176467,59.6676281701224,3.320472033474827e-06,5.032611620996805e-08
3,0.61568624,55.06897593028058,3.186728612512014e-06,5.139676375030505e-08
3,0.61960781,58.23241581535314,3.050467689138698e-06,5.020209053935639e-08
3,0.62352937,53.07312266536594,2.914309465441746e-06,4.771439476285168e-08
3,0.62745094,56.5299790812402,2.776141051313899e-06,4.780693222417449e-08
3,0.63137257,55.7994911394367,2.638362233064125e-06,4.575644072516924e-08
3,0.63529408,55.31963632863722,2.50139797627958e-06,4.292736879855543e-08
3,0.63921571,56.14934485865266,2.360224397843885e-06,3.995721758887477e-08
3,0.64313722,56.76222902955218,2.218695067606852e-06,3.960705304740229e-08
3,0.64705884,61.18925330998769,2.079194748567846e-06,3.622170418838957e-08
3,0.65098035,57.6817904346671,1.938757480302487e-06,3.601561775021111e-08
3,0.65490198,57.08911048024374,1.799562849961979e-06,3.361171767532632e-08
3,0.65882349,60.3487137649533,1.66092187507707e-06,3.220504505331196e-08
3,0.66274512,59.02909129170236,1.525329387752827e-06,3.118819280811628e-08
3,0.66666663,54.03830924034434,1.390038026061861e-06,2.898303578565617e-08
3,0.67058825,57.1305879593353,1.258956570872762e-06,2.722113540031449e-08
3,0.67450976,58.13075158836146,1.131259313694492e-06,2.475944904824963e-08
3,0.67843139,57.20741013706308,1.006626029383144e-06,2.292898559417263e-08
3,0.6823529,56.90830268289793,8.866413201590399e-07,2.119961400477686e-08
3,0.68627453,58.71435538377911,7.725801904374205e-07,1.94609338685224e-08
3,0.69019604,58.73836613597924,6.640736453887856e-07,1.720796556200198e-08
3,0.69411767,57.8153461194053,5.627677600948703e-07,1.547324415228371e-08
3,0.69803917,56.77200342879949,4.690354926452642e-07,1.355058043327372e-08
3,0.7019608,55.29183019089956,3.833755241922402e-07,1.120216717344725e-08
3,0.70588231,60.50375493161747,3.064887590411952e-07,9.363955529481434e-09
3,0.70980394,57.2275766021013,2.383485523578447e-07,7.209329317022498e-09
3,0.71372545,84,1.8068679570155e-07,6.390062730089829e-09
3,0.71764708,91,1.310391509878e-07,4.870776268696106e-09
3,0.72156858,91,9.08874432932475e-08,3.560757851937776e-09
3,0.72549021,86,5.968677660746001e-08,2.446902661236401e-09
3,0.72941172,88,3.66453855638425e-08,1.566021152685861e-09
3,0.73333335,68,2.059115309936e-08,9.373276764220628e-10
3,0.73725486,62,1.01047332215685e-08,5.263956202585201e-10
3,0.74117649,60,3.688577737609e-09,2.976796271989563e-10
3,0.74509799,67.0000002607084,-6.484504896456862e-09,9.981907407758302e-09
3,0.74901962,71.00000000778418,-6.575280600105347e-09,8.002527095298188e-09
3,0.75294113,79.9999999030649,-7.948854302816357e-09,8.076987235566463e-09
3,0.75686276,62.00000004124619,-6.429708626904715e-09,1.168922995760012e-08
3,0.76078427,73.99999992893073,-6.674798529078865e-09,7.607250798147579e-09
3,0.7647059,69.00000003136991,-6.333622935606669e-09,8.661582921939943e-09
3,0.76862741,66.99999999507534,-6.549010780450634e-09,9.833787760774654e-09
3,0.77254903,67.00000007070842,-6.599816538666059e-09,9.899494166821926e-09
3,0.77647054,58.99999988071211,-4.448186382892799e-09,9.334129580844369e-09
3,0.78039217,73.99999982831683,-7.35591336166195e-09,8.921701258370294e-09
3,0.78431368,63.99999991774862,-6.211546674217242e-09,1.043088511097219e-08
3,0.78823531,69.00000004776184,-6.169730938361538e-09,8.396164085928949e-09
3,0.79215682,72.9999999428095,-7.33150337458585e-09,9.191865203819897e-09
3,0.79607844,63.000000084471,-5.675295770037355e-09,9.776188735294131e-09
3,0.79999995,70.00000007986013,-6.637964360308436e-09,8.900973026190232e-09
3,0.80392158,62.99999990081537,-5.553606936088344e-09,9.611096306855924e-09
3,0.80784309,73.00000007507221,-6.825950911477032e-09,8.257649890535415e-09
3,0.81176472,69.00000008960588,-7.606267364588133e-09,1.124641804470648e-08
3,0.81568629,59.00000001364011,-5.109746506978729e-09,1.059097933550769e-08
3,0.81960785,66.9999996712786,-6.596713540726211e-09,9.950747167338244e-09
3,0.82352942,62.0000000384027,-5.548147030093837e-09,1.00254987683969e-08
3,0.82745099,65.99999986728889,-7.640997914021002e-09,1.271947580614487e-08
3,0.83137256,76.000000100254,-6.337566286765939e-09,6.580638794940852e-09
3,0.83529413,67.00000024190365,-5.550323891965786e-09,8.01606163901542e-09
3,0.8392157,62.99999965695288,-5.488895944472487e-09,9.498790245729791e-09
3,0.84313726,57.00000018809077,-3.843403713805695e-09,9.340050028528687e-09
3,0.84705883,71.0000001406663,-6.797601288502477e-09,8.866418304835197e-09
3,0.8509804,74.99999994171823,-7.919715359891697e-09,9.748837639922916e-09
3,0.85490197,65.00000003301159,-6.505774751336757e-09,1.061387835654913e-08
3,0.85882354,66.99999981176659,-6.650870007519562e-09,1.007840426797085e-08
3,0.86274511,59,-1.571293096841933e-10,2.259913347028759e-10
3,0.86666667,71.00000008625955,-6.784342464150684e-09,8.839941542138499e-09
3,0.87058824,70.99999990120412,-6.500250529096296e-09,8.290163843457691e-09
3,0.87450981,64.00000005222574,-6.968527772899031e-09,1.203331561114103e-08
3,0.87843138,72.00000002014406,-6.870371518057447e-09,8.67937640799639e-09
3,0.88235295,68.9999999768818,-6.163057901374311e-09,8.403319985897602e-09
3,0.88627452,75.99999996387099,-7.196156808178269e-09,8.019931284352029e-09
3,0.89019608,70.00000013532572,-7.882784771626842e-09,1.149803604113415e-08
3,0.89411765,71.9999999656405,-7.557528855451779e-09,1.002223849380741e-08
3,0.89803922,62.99999978790969,-6.155583242696473e-09,1.077946904475152e-08
3,0.90196079,57.99999995203869,-5.074706683826152e-09,1.107254300116871e-08
3,0.90588236,71.00000006568544,-5.954805064042347e-09,7.381077180806885e-09
3,0.90980393,66.99999993119616,-5.601887631967471e-09,8.08443944490195e-09
3,0.9137255,67.99999987710594,-7.062743284684232e-09,1.050881789323894e-08
3,0.91764706,62.00000008195562,-6.213977167843071e-09,1.143427990770819e-08
3,0.92156863,63.99999991770048,-6.136221028805358e-09,1.030555074754237e-08
3,0.9254902,70.9999999833087,-7.011856260676029e-09,9.278206433070969e-09
3,0.92941177,66.00000006729637,-6.071426125565117e-09,9.308490375140684e-09
3,0.93333334,64.99999992835302,-6.764232592939471e-09,1.113675875929525e-08
3,0.93725491,73.99999986702004,-7.622637961293701e-09,9.515747835981465e-09
3,0.94117647,62.00000006650578,-6.654021131716146e-09,1.241226663329997e-08
3,0.94509804,62.99999997797811,-4.999676783461296e-09,8.621238878476894e-09
3,0.94901961,65.00000017745924,-5.205248842608851e-09,8.163635871274531e-09
3,0.95294118,67.00000009644064,-7.256106977931544e-09,1.137609001491653e-08
3,0.95686275,70.99999997835029,-6.454781139817256e-09,8.271560442628659e-09
3,0.96078432,67.99999998508035,-6.596064313207292e-09,9.593313657749561e-09
3,0.96470588,64.99999998228365,-6.780352701575517e-09,1.117686671917721e-08
3,0.96862745,60.9999999064642,-4.844824189564732e-09,9.178907865251935e-09
3,0.97254902,72.0000001163712,-7.5264437090096e-09,9.989383043167508e-09
3,0.97647059,65.9999999836671,-7.3467170387274e-09,1.1965863870797e-08
3,0.98039216,63.00000019939084,-4.907349932896239e-09,8.491134035472702e-09
3,0.98431373,75.99999999656907,-8.313568186904449e-09,1.033813557428715e-08
3,0.98823529,62.999999885911,-5.665515715127656e-09,9.787962876740146e-09
3,0.99215686,63.99999992930943,-7.654465822831497e-09,1.364283551340895e-08
3,0.99607843,70.99999986304692,-6.034559765387406e-09,7.53287216690984e-09
3,1,62.99999980482831,-6.481610800030514e-09,1.144907806178603e-08
4,0,57,-8.685494078736359e-10,1.497219354215463e-09
4,0.0039215689,67.00000026939288,-6.313024143126583e-09,9.410592512084257e-09
4,0.0078431377,106,-1.839492451909207e-08,1.084143171886849e-08
4,0.011764707,78.00000006186265,-7.878915513605181e-09,8.755473589538081e-09
4,0.015686275,74.00000007377483,-7.107386630644404e-09,8.526507836272144e-09
4,0.019607844,64.99999977333445,-6.563065592289117e-09,1.075721785537348e-08
4,0.023529414,72.99999997431843,-7.232722881586746e-09,9.021868025721665e-09
4,0.027450982,72.00000012494955,-6.641930726304407e-09,8.219829601144057e-09
4,0.031372551,81.00000017919631,-7.752844647873995e-09,7.69059252844177e-09
4,0.035294119,66.99999996586345,-5.360767503603843e-09,7.730281191542317e-09
4,0.039215688,78.00000010318368,-8.132081582008674e-09,9.360231931407696e-09
4,0.043137256,70.00000015065154,-7.175169747533873e-09,9.957467018072428e-09
4,0.047058828,58.99999967108076,-4.740218334464553e-09,9.892552567105543e-09
4,0.050980397,66.99999990646209,-7.925710819072485e-09,1.294516032902132e-08
4,0.054901965,69.99999991899193,-6.188561143630419e-09,8.146482889250732e-09
4,0.058823533,72.99999994886763,-7.367923847493529e-09,9.380186721955587e-09
4,0.062745102,55.07180035959467,2.342554024989477e-07,9.86534643366643e-09
4,0.06666667,55.79208352120823,2.352349986645521e-07,1.020712370605167e-08
4,0.070588239,56.72898696467927,2.296964701735373e-07,9.845047523442403e-09
4,0.074509807,57.58100468082961,2.227408898211048e-07,9.051701683601351e-09
4,0.078431375,62.35908083064979,2.155237259159556e-07,8.101881775442989e-09
4,0.082352944,60.599687414263,2.060624247571958e-07,8.376640373935154e-09
4,0.086274512,54.53608303115634,1.964878111530664e-07,7.922561772680278e-09
4,0.090196081,57.7212047821593,1.866072453899039e-07,7.600903869916234e-09
4,0.094117656,56.60750830764245,1.772783802408437e-07,7.331148009043116e-09
4,0.098039225,57.81288390719133,1.69281302196452e-07,6.987822098367787e-09
4,0.10196079,55.20401080047327,1.643464496094e-07,6.858555167118963e-09
4,0.10588236,53.60198371482322,1.604468701466579e-07,6.341937852709522e-09
4,0.10980393,54.21964177022906,1.574901959576059e-07,6.545626086099261e-09
4,0.1137255,56.46458361941324,1.566266254802321e-07,5.870558647547589e-09
4,0.11764707,60.46357298971417,1.557862465696443e-07,5.957444236325377e-09
4,0.12156864,58.09877714743862,1.565446658507902e-07,6.506690776914967e-09
4,0.1254902,55.50043411420394,1.588064858505045e-07,6.541952944827481e-09
4,0.12941177,56.96802695509516,1.62556248314499e-07,6.792157559722566e-09
4,0.13333334,54.13069063236983,1.680425704952238e-07,6.367414706736054e-09
4,0.13725491,51.87399071629486,1.744630174149837e-07,6.547113064201986e-09
4,0.14117648,49.54914670911631,1.828562948878187e-07,6.159686817669727e-09
4,0.14509805,55.75068158797394,1.913726874658667e-07,7.179683644866916e-09
4,0.14901961,53.17105729102031,2.019912457982801e-07,7.838867687440347e-09
4,0.15294118,54.00309077205436,2.140671778779225e-07,8.214561668325663e-09
4,0.15686275,61.09293366310837,2.283528659917875e-07,8.076373478763237e-09
4,0.16078432,53.62341733271425,2.431470117459426e-07,9.43851982142151e-09
4,0.16470589,53.80699394333343,2.6003602596002e-07,1.049724424592585e-08
4,0.16862746,59.12607680789884,2.793681021300039e-07,1.122881642721178e-08
4,0.17254902,57.93287688177877,3.000997264663324e-07,1.218599563474016e-08
4,0.17647059,56.37600161308757,3.241202815067453e-07,1.210321571681022e-08
4,0.18039216,56.59331637713135,3.487845424771663e-07,1.347942060648779e-08
4,0.18431373,58.33044011047109,3.764810548506316e-07,1.507428912996426e-08
4,0.18823531,60.00984076696292,4.058536419364305e-07,1.562944910624915e-08
4,0.19215688,55.39636389265319,4.380908588097794e-07,1.629865189593105e-08
4,0.19607845,56.82632839398746,4.713969227150168e-07,1.800463832455389e-08
4,0.20000002,59.28465641448328,5.076621732549004e-07,1.952867448375284e-08
4,0.20392159,56.64993195179417,5.460851454201888e-07,2.048201460286061e-08
4,0.20784315,53.74252519577691,5.870095097012174e-07,2.251806373936787e-08
4,0.21176472,56.31167380427328,6.307373876417222e-07,2.49218334877199e-08
4,0.21568629,56.84658729422225,6.771610998000369e-07,2.489952852289627e-08
4,0.21960786,60.49743120842644,7.243720402884272e-07,2.755978160125771e-08
4,0.22352943,59.19597731127198,7.733633792119121e-07,2.869311635339825e-08
4,0.227451,57.32817412694057,8.272803364720806e-07,3.027150823249465e-08
4,0.23137257,56.5402193388818,8.848733295913497e-07,3.072503952812884e-08
4,0.23529413,57.42177470991999,9.427131101984834e-07,3.314755595294096e-08
4,0.2392157,59.08016811818598,1.005602959914314e-06,3.568585134383521e-08
4,0.24313727,56.24553765702714,1.07002982339757e-06,3.648619669137491e-08
4,0.24705884,54.29699340291427,1.141530752866629e-06,3.67978677802807e-08
4,0.25098041,56.825383922132,1.2148169553386e-06,3.97864454819894e-08
4,0.25490198,59.34887127184845,1.291120813198839e-06,4.321393256925182e-08
4,0.25882354,55.08696662709475,1.373228527203235e-06,4.374148006196329e-08
4,0.26274511,58.45865527108112,1.457450962979175e-06,4.64839432769721e-08
4,0.26666668,57.92482536350904,1.548920206254231e-06,4.767843426380476e-08
4,0.27058825,52.60319580841647,1.636814444354949e-06,5.098315045991428e-08
4,0.27450982,55.97546241088643,1.73380137529318e-06,5.035435731753098e-08
4,0.27843139,55.30450899888579,1.83365232343772e-06,5.383467133553946e-08
4,0.28235295,54.43323391022246,1.930827723999993e-06,5.359589429534688e-08
4,0.28627452,58.48844194069448,2.039854862470204e-06,6.034007403457536e-08
4,0.29019609,57.39751142733449,2.146485776137727e-06,5.716044217572696e-08
4,0.29411766,58.50688911177988,2.264174979623933e-06,6.262345484689136e-08
4,0.29803923,52.9086587547888,2.376135474651691e-06,6.492103940195434e-08
4,0.3019608,56.01243942079002,2.496511256427397e-06,7.071167734046257e-08
4,0.30588236,55.5285932384667,2.612691765070429e-06,6.932431314374218e-08
4,0.30980393,54.90994555843099,2.737296704087153e-06,7.84512312241816e-08
4,0.3137255,59.35559587088419,2.855357994832784e-06,8.453572556547237e-08
4,0.31764707,56.33932252400205,2.978268309466341e-06,8.049699605211338e-08
4,0.32156864,56.77894643823709,3.102865638082655e-06,8.315319554367813e-08
4,0.32549021,58.62941129395713,3.225333490789833e-06,8.558960332542019e-08
4,0.32941177,55.78402621474589,3.350473839835644e-06,8.729816669311482e-08
4,0.33333334,55.62041240669921,3.473183264876487e-06,8.792139200562907e-08
4,0.33725491,52.26173013460241,3.601089050127545e-06,9.028718512736852e-08
4,0.34117648,58.89735959694004,3.726251733144375e-06,9.70231945272153e-08
4,0.34509805,55.95223063310585,3.842628506742895e-06,1.017925884066104e-07
4,0.34901962,54.61517504226666,3.968527721596869e-06,9.381012100385463e-08
4,0.35294119,55.5881629219706,4.073725862606096e-06,1.088332234970009e-07
4,0.35686275,56.14196804104805,4.190432728777399e-06,9.711083335653997e-08
4,0.36078432,53.61481890074867,4.308353612299946e-06,1.079523300081648e-07
4,0.36470589,58.14226185248724,4.41291979222893e-06,1.104280985851514e-07
4,0.36862746,51.97782581639872,4.523506333113413e-06,1.057980196315091e-07
4,0.37254903,55.36579680624315,4.633857760200216e-06,1.107742276369202e-07
4,0.37647063,56.24165713035648,4.719451035946215e-06,1.164522553134672e-07
4,0.38039219,55.50292565828371,4.8205360705967e-06,1.164312578657395e-07
4,0.38431376,61.39237250190953,4.912089873817964e-06,1.181140872797779e-07
4,0.38823533,58.91222570158421,5.004351758997712e-06,1.09245472547323e-07
4,0.3921569,54.80951618421311,5.078450092285172e-06,9.877992035899577e-08
4,0.39607847,54.78862283821748,5.163694219183661e-06,1.099012191024201e-07
4,0.40000004,58.94457221378627,5.242152549206004e-06,1.018005139499624e-07
4,0.4039216,57.29976543304075,5.300506417457848e-06,1.082757779070336e-07
4,0.40784317,55.78659701724844,5.363534609092348e-06,1.082671583015993e-07
4,0.41176474,54.86447183704254,5.430964392647399e-06,9.104235192465484e-08
4,0.41568631,57.76764056271671,5.490102283479837e-06,9.403378375699079e-08
4,0.41960788,55.96690478242787,5.550089122150933e-06,1.035133698448262e-07
4,0.42352945,58.65974163461384,5.601481002185454e-06,9.113625379243844e-08
4,0.42745101,56.55506210434874,5.656886949887682e-06,8.838146120372942e-08
4,0.43137258,58.11954799154194,5.694443874270842e-06,9.23710553316738e-08
4,0.43529415,54.76493617607046,5.740692822523317e-06,8.833437230088709e-08
4,0.43921572,60.92224804715197,5.788635196370009e-06,9.06316092549582e-08
4,0.44313729,54.16879050000666,5.820796277039141e-06,8.938528758658528e-08
4,0.44705886,54.65339019199079,5.86328797812884e-06,8.557098733934297e-08
4,0.45098042,55.70657852806757,5.885170641048646e-06,9.022797926849139e-08
4,0.45490199,53.83170393540779,5.919371686549994e-06,8.955918363588951e-08
4,0.45882356,55.86203735249202,5.944483857805455e-06,9.003658753868396e-08
4,0.46274513,56.26249720862572,5.974098057268591e-06,9.062807377075503e-08
4,0.4666667,56.77578108956391,5.993619986836144e-06,8.82016913633762e-08
4,0.47058827,53.51610816197514,6.0214338923836e-06,8.979746840258247e-08
4,0.47450984,51.93699661304092,6.040150240358667e-06,8.264155158457206e-08
4,0.4784314,58.77017759569043,6.064351836937504e-06,8.77862651363069e-08
4,0.48235297,55.09733631400224,6.093740024617559e-06,9.432687815048276e-08
4,0.48627454,63.04474378627255,6.130013338252702e-06,1.018461451371625e-07
4,0.49019611,127.6793665434735,6.261540469170097e-06,1.397221362522995e-07
4,0.49411768,74.25896603473137,6.151847783220253e-06,9.857229132375047e-08
4,0.49803925,69.95724386477623,6.156742299504733e-06,1.057860236100781e-07
4,0.50196075,84.1322706510598,6.189446495142751e-06,1.286233662249491e-07
4,0.50588232,59.14690832970214,6.090640804258957e-06,8.903558373586474e-08
4,0.50980389,55.5065177835278,6.057748941493993e-06,8.31520285661655e-08
4,0.51372546,55.67108177123956,6.016755138913992e-06,7.597206404761084e-08
4,0.51764703,56.3803607020475,5.993245997702207e-06,7.782319000358122e-08
4,0.5215686,52.09287661402932,5.965067867765107e-06,6.557718563172126e-08
4,0.52549016,53.35990394841269,5.924509721174468e-06,7.50199578653168e-08
4,0.52941173,57.02495919917169,5.889491960526936e-06,7.969589529111295e-08
4,0.5333333,55.21537510781865,5.842947660425754e-06,7.216275869029644e-08
4,0.53725487,57.5106642731967,5.79313264144767e-06,7.33691145142705e-08
4,0.54117644,56.09584817980927,5.741279868555429e-06,7.159467714700183e-08
4,0.54509801,54.93348560713738,5.68811049775818e-06,8.047734332854055e-08
4,0.54901958,59.34860068047936,5.625542123488737e-06,7.977567808591591e-08
4,0.55294114,56.51090311382966,5.556417817289665e-06,7.18026243309135e-08
4,0.55686271,55.95538032099322,5.481904090139271e-06,7.067890579739621e-08
4,0.56078428,54.30888140141082,5.405660525806343e-06,7.140293661907192e-08
4,0.56470585,54.16976677306301,5.335261438314563e-06,7.13725225543853e-08
4,0.56862742,53.81650212631784,5.246305697835983e-06,6.844343787990359e-08
4,0.57254899,59.1908811127042,5.167271631256018e-06,7.016361315647887e-08
4,0.57647055,53.49017599374553,5.072694423471633e-06,7.225813199946879e-08
4,0.58039212,56.11844883631066,4.978437733396069e-06,6.854677863640052e-08
4,0.58431369,56.85805328043018,4.881584862816581e-06,6.799675105567426e-08
4,0.58823526,57.91434342883473,4.777410968300588e-06,6.182792210980044e-08
4,0.59215683,55.43146193505693,4.674657347668959e-06,6.307672431855163e-08
4,0.5960784,56.03334733126336,4.558794116207129e-06,6.334928047528188e-08
4,0.59999996,52.19498474631084,4.448115391934684e-06,6.354657482287233e-08
4,0.60392153,57.21172768869296,4.331557417223327e-06,6.581593664638428e-08
4,0.6078431,54.02596854346034,4.20624551743482e-06,5.498176101113209e-08
4,0.61176467,55.78780151226141,4.085694357926198e-06,5.945991999667136e-08
4,0.61568624,58.83880047239318,3.9614219163556e-06,6.189618315767537e-08
4,0.61960781,53.97424828758735,3.832218706388947e-06,5.964903003648607e-08
4,0.62352937,58.76815495551117,3.703227466827474e-06,6.089466134420112e-08
4,0.62745094,53.36304303134988,3.57114088507425e-06,5.639124710606092e-08
4,0.63137257,58.82723543854025,3.438011740476284e-06,5.343462602014881e-08
4,0.63529408,55.34969963639927,3.299527865607893e-06,5.242648012698224e-08
4,0.63921571,54.58209685723435,3.16374950567072e-06,5.086876215087246e-08
4,0.64313722,53.85639111919436,3.023527394370523e-06,4.824437519640381e-08
4,0.64705884,56.11817697912292,2.882904141582112e-06,4.84499958262293e-08
4,0.65098035,56.57456800138531,2.744755675551484e-06,4.67659738721387e-08
4,0.65490198,53.66755729671381,2.603375818818264e-06,4.412586317688543e-08
4,0.65882349,52.97195538130515,2.458929398138088e-06,4.108893902757894e-08
4,0.66274512,57.12261257693401,2.318789870595637e-06,3.956175711099111e-08
4,0.66666663,56.70698567982942,2.175773451185872e-06,3.917404722723961e-08
4,0.67058825,55.45193272873362,2.031945152128948e-06,3.761552504857752e-08
4,0.67450976,54.77198084879775,1.889411831323893e-06,3.20910533279841e-08
4,0.67843139,55.12056978850806,1.750686840194347e-06,3.091524109997726e-08
4,0.6823529,55.58761994879696,1.611387571616848e-06,2.932813998804769e-08
4,0.68627453,56.77896691534504,1.473215125137727e-06,2.689927813095061e-08
4,0.69019604,58.25197482538066,1.337923419836723e-06,2.450592922722863e-08
4,0.69411767,53.94554434516945,1.205947121970425e-06,2.257402078956257e-08
4,0.69803917,56.12968361315295,1.077371674611792e-06,2.08458945538145e-08
4,0.7019608,55.39321243723642,9.523752554150927e-07,1.851889400511647e-08
4,0.70588231,53.32986120884998,8.338413289013407e-07,1.664702193307941e-08
4,0.70980394,55.79628600872202,7.207577111094789e-07,1.455462933714883e-08
4,0.71372545,56.35214177950448,6.139902748053092e-07,1.261600688944268e-08
4,0.71764708,53.92388087093376,5.142839996037883e-07,1.089425176620109e-08
4,0.72156858,53.29723469087978,4.226301552364102e-07,9.527846770943898e-09
4,0.72549021,55.554351846642,3.394840558411427e-07,7.767242157734329e-09
4,0.72941172,57,2.6566885955445e-07,6.163421427877384e-09
4,0.73333335,60,2.0133547595875e-07,4.829406011083048e-09
4,0.73725486,56,1.46980252899825e-07,3.661396851907755e-09
4,0.74117649,61,1.0258028065756e-07,2.684824749461571e-09
4,0.74509799,54,6.782421635465e-08,1.86987082413749e-09
4,0.74901962,56,4.19154390368375e-08,1.206275770560844e-09
4,0.75294113,59,2.369296283319e-08,7.163665674845298e-10
4,0.75686276,70,1.16760128724475e-08,4.27856856940971e-10
4,0.76078427,67,4.27141980798275e-09,2.911292983967435e-10
4,0.7647059,73.99999995252405,-8.586915004388756e-09,1.202905742193151e-08
4,0.76862741,61,-4.23847995107957e-10,2.416395140370206e-10
4,0.77254903,63.0000001548872,-6.971622515846724e-09,1.226360287659489e-08
4,0.77647054,70.0000001405255,-5.679589274611257e-09,7.202962425375679e-09
4,0.78039217,74.00000010396165,-6.893535625472934e-09,7.968077634131273e-09
4,0.78431368,63.99999989527848,-6.026012112979544e-09,1.001232537423388e-08
4,0.78823531,65.0000001717394,-5.419732910264455e-09,8.51990067985383e-09
4,0.79215682,66.99999991701192,-6.484640907879595e-09,9.694331439814809e-09
4,0.79607844,69.00000016478262,-5.993863097226429e-09,8.016853659448779e-09
4,0.79999995,72.00000004256948,-7.724464714146158e-09,1.037099743141546e-08
4,0.80392158,70.00000010593087,-7.202666146779359e-09,1.000310518915378e-08
4,0.80784309,66.99999981149431,-6.204687900191506e-09,9.206369554020954e-09
4,0.81176472,59.99999990316734,-5.611321349783607e-09,1.111920284242646e-08
4,0.81568629,60.99999996023809,-6.364509280503269e-09,1.214902921071981e-08
4,0.81960785,78.00000004192663,-8.352522639473671e-09,9.733945816330951e-09
4,0.82352942,66.00000011322355,-7.529912925815353e-09,1.243876819290666e-08
4,0.82745099,79.00000018425422,-6.770604033496676e-09,6.516824455945533e-09
4,0.83137256,73.99999972695916,-6.383558521802158e-09,7.206008573350249e-09
4,0.83529413,73.00000004501335,-6.602763089058278e-09,7.796827307637863e-09
4,0.8392157,70.00000012584975,-6.671824913041879e-09,8.94414785356594e-09
4,0.84313726,63.99999987277745,-6.421122598276554e-09,1.085435783577957e-08
4,0.84705883,70.99999998611996,-6.58316733440652e-09,8.497181475672946e-09
4,0.8509804,58.00000012865781,-4.395233973577524e-09,9.7948021406256e-09
4,0.85490197,67.00000001134381,-6.389031485288197e-09,9.518077935522785e-09
4,0.85882354,75.00000006498124,-8.274181939643232e-09,1.058623296797397e-08
4,0.86274511,69.0000000182859,-7.147326415508582e-09,1.031051909752012e-08
4,0.86666667,69.00000016468161,-6.762905763562908e-09,9.53254547156868e-09
4,0.87058824,63.99999996965779,-6.076903334978748e-09,1.016100171543065e-08
4,0.87450981,60.00000017173249,-5.249676289000706e-09,1.035185140224453e-08
4,0.87843138,60.99999998406027,-8.098538895520581e-09,1.646228620556027e-08
4,0.88235295,65.99999989384963,-6.147344940412405e-09,9.505237643717975e-09
4,0.88627452,73.00000003487365,-6.877654481941781e-09,8.38148938308851e-09
4,0.89019608,69.99999993120032,-7.002302720989725e-09,9.618615672392465e-09
4,0.89411765,63,-1.9124739282822e-10,2.42765188085681e-10
4,0.89803922,71.00000013154168,-6.968667491084157e-09,9.193069006598132e-09
4,0.90196079,72.99999981533627,-6.329450721499135e-09,7.405433416648178e-09
4,0.90588236,68.99999988656467,-7.232045782772507e-09,1.051981706637956e-08
4,0.90980393,66.99999987332829,-6.698217703149135e-09,1.013225545638726e-08
4,0.9137255,63.00000003153679,-5.7250825605025e-09,9.88994953686702e-09
4,0.91764706,77.99999996263561,-7.251321778805465e-09,7.566726037193476e-09
4,0.92156863,65.00000026922014,-6.445337379293538e-09,1.053854847474189e-08
4,0.9254902,65.00000005665211,-7.041781743643197e-09,1.173696339786633e-08
4,0.92941177,71.00000007091764,-7.759466336522229e-09,1.081932262930031e-08
4,0.93333334,71.00000001100574,-7.673356564616538e-09,1.067700147819359e-08
4,0.93725491,66.00000002114314,-6.133800983746133e-09,9.445388484572207e-09
4,0.94117647,58.00000004318767,-4.724248721062435e-09,1.041468250747536e-08
4,0.94509804,70.0000000468695,-6.98774340049851e-09,9.629382705478969e-09
4,0.94901961,65.9999999418921,-7.275781550765994e-09,1.182903119015095e-08
4,0.95294118,79.00000008074335,-7.16086042854529e-09,7.108260682326056e-09
4,0.95686275,67.99999998377808,-7.462315299420875e-09,1.143436494456301e-08
4,0.96078432,75.99999998701642,-6.58927088466965e-09,7.013893582614446e-09
4,0.96470588,68.99999996068489,-7.400342765421783e-09,1.08997930613046e-08
4,0.96862745,72.00000018731261,-6.032889573680233e-09,7.194845880967344e-09
4,0.97254902,78.00000004080775,-8.696169865207743e-09,1.048621519240284e-08
4,0.97647059,69.00000008918268,-6.487984638016027e-09,8.985849397059886e-09
4,0.98039216,71.99999989880089,-6.294733489768138e-09,7.645311201261849e-09
4,0.98431373,71.99999987594046,-6.389012595464335e-09,7.835862557080411e-09
4,0.98823529,67.9999998624409,-5.581304498764074e-09,7.724989808062319e-09
4,0.99215686,76.99999989982663,-7.620520780603523e-09,8.516657543466953e-09
4,0.99607843,62.99999996881768,-6.575654078548467e-09,1.16701983330381e-08
4,1,59.00000014335875,-5.284787854576385e-09,1.099666239942126e-08
5,0,64,-8.839178466169195e-10,1.657469225776572e-09
5,0.0039215689,76.99999995271848,-6.540486673472272e-09,6.584727966105537e-09
5,0.0078431377,67.999999866134,-7.485485608664025e-09,1.149648133248529e-08
5,0.011764707,67.000000028765,-5.675315452320783e-09,8.304506805998845e-09
5,0.015686275,60.00000005907532,-6.078057556256595e-09,1.216634797393792e-08
5,0.019607844,74.00000002295553,-6.574475351666451e-09,7.557878562171049e-09
5,0.023529414,76.00000013617706,-7.662287289262603e-09,8.931333123082497e-09
5,0.027450982,71.99999982541587,-7.24820005476621e-09,9.434830697398195e-09
5,0.031372551,61.00000014694692,-5.957739471755219e-09,1.139184829354276e-08
5,0.035294119,73.99999987932603,-6.885527360594798e-09,8.140372796594397e-09
5,0.039215688,59.99999999671925,-5.815078244703611e-09,1.156888563972648e-08
5,0.043137256,68.9999999495781,-5.897470527494888e-09,7.900458570422897e-09
5,0.047058828,66.00000000841283,-7.616300731200689e-09,1.264057276385686e-08
5,0.050980397,62.99999981345794,-5.447922542163031e-09,9.479042122606355e-09
5,0.054901965,71.9999999844003,-6.686699456921817e-09,8.403982173349822e-09
5,0.058823533,68.99999999902134,-6.478183792324385e-09,9.007732972900109e-09
5,0.062745102,63.00000003291815,-5.585778799632542e-09,9.664962624844584e-09
5,0.06666667,67.0000000888992,-7.5013282563206e-09,1.19391389785697e-08
5,0.070588239,58,-1.300177620866753e-10,2.571578162152277e-10
5,0.074509807,66.00000008249981,-7.094813670447972e-09,1.155575964831212e-08
5,0.078431375,62.00000000052433,-6.122607954641099e-09,1.119927381672976e-08
5,0.082352944,57.31891115464719,2.61238959629188e-07,1.586597449392237e-08
5,0.086274512,60.30653483163395,2.592095225446857e-07,1.151508378728648e-08
5,0.090196081,56.68469144500514,2.500836581516855e-07,1.154662585090183e-08
5,0.094117656,59.03178006521185,2.40460315317392e-07,9.709829326968281e-09
5,0.098039225,59.1918116375649,2.300327336553889e-07,1.002106022780794e-08
5,0.10196079,57.50378348694355,2.194720896728924e-07,9.761568325411529e-09
5,0.10588236,56.24199091809076,2.090650988058543e-07,8.144360588994872e-09
5,0.10980393,56.24730692397937,1.984273613433711e-07,7.710885339147731e-09
5,0.1137255,54.00338453464582,1.886903179952627e-07,7.42625344712208e-09
5,0.11764707,58.67461073255332,1.805125735554977e-07,7.288542532604563e-09
5,0.12156864,54.89450317303489,1.753764729092168e-07,6.980360966037759e-09
5,0.1254902,53.17988157418803,1.709531753830834e-07,7.269669621845521e-09
5,0.12941177,53.86826773686409,1.678822395626531e-07,7.424597772130379e-09
5,0.13333334,55.57660535875754,1.663563499500675e-07,7.507594346256246e-09
5,0.13725491,56.73217953109635,1.656893705119361e-07,6.996925300432147e-09
5,0.14117648,56.42808920435044,1.663001858968567e-07,6.856643732935402e-09
5,0.14509805,59.71157194245164,1.68309608575519e-07,6.551992235522545e-09
5,0.14901961,56.36084427657418,1.71240652255845e-07,6.880492693607307e-09
5,0.15294118,58.55432408772649,1.75935456620023e-07,7.351400921922173e-09
5,0.15686275,57.49579317483505,1.822609203643909e-07,7.410039428084771e-09
5,0.16078432,60.11606625563888,1.892435162752048e-07,7.870239380375935e-09
5,0.16470589,57.82349190995015,1.983761768502144e-07,7.888304761586697e-09
5,0.16862746,58.45500743879601,2.078398248144839e-07,8.156820273876282e-09
5,0.17254902,56.16300079431802,2.196194862842335e-07,9.009681237160916e-09
5,0.17647059,59.04590582632513,2.326924191746077e-07,9.217408105874021e-09
5,0.18039216,58.57679315569568,2.473985694270797e-07,9.649291889582935e-09
5,0.18431373,60.31922850305656,2.636916572477816e-07,1.011812946909885e-08
5,0.18823531,56.79115814898531,2.823387215613495e-07,1.076152375920798e-08
5,0.19215688,57.92824614373219,3.041842815931332e-07,1.106672990558846e-08
5,0.19607845,57.43694002196768,3.264328957822198e-07,1.249237086209314e-08
5,0.20000002,54.63776437142871,3.512990820627972e-07,1.225538909753256e-08
5,0.20392159,58.14772564644833,3.793575983458321e-07,1.27584901399386e-08
5,0.20784315,57.24603710849775,4.092038563122064e-07,1.366143149384627e-08
5,0.21176472,55.68482017009971,4.421386730468074e-07,1.549307459013621e-08
5,0.21568629,55.45770434518606,4.750495098258933e-07,1.649182479484845e-08
5,0.21960786,52.68312043847611,5.131989883733478e-07,1.713866584080933e-08
5,0.22352943,57.26612541747944,5.528211289404979e-07,1.729871218959794e-08
5,0.227451,60.38662069933568,5.930031052146634e-07,1.940918823143965e-08
5,0.23137257,54.39060109066077,6.38719007336821e-07,2.157278378161787e-08
5,0.23529413,56.74578907257817,6.847900580492924e-07,2.179167891654838e-08
5,0.2392157,58.13145820516038,7.336037640818827e-07,2.250358275713905e-08
5,0.24313727,56.90548446944468,7.840442400483131e-07,2.439333563049513e-08
5,0.24705884,57.19058760141604,8.38436471692993e-07,2.257109859281104e-08
5,0.25098041,59.5113348833261,8.93876663959081e-07,2.580572529362766e-08
5,0.25490198,58.88229093842693,9.533287181969499e-07,2.8841218955744e-08
5,0.25882354,55.66464601982831,1.016392582777683e-06,2.933706897576139e-08
5,0.26274511,56.71556261808952,1.083326781805938e-06,3.242267499841931e-08
5,0.26666668,55.84567216885077,1.154250244329264e-06,3.199957769635691e-08
5,0.27058825,56.48267387709595,1.229357112646289e-06,3.386809422977391e-08
5,0.27450982,55.77503270062243,1.307028235453902e-06,3.603666336710928e-08
5,0.27843139,53.40973135198821,1.386168677155055e-06,3.739956948412144e-08
5,0.28235295,57.20020354002293,1.47297329611017e-06,3.787872225971166e-08
5,0.28627452,57.70069892176109,1.562288196172093e-06,4.165161400693847e-08
5,0.29019609,58.88299488691572,1.653710044990617e-06,3.970571496753843e-08
5,0.29411766,56.81178516144687,1.747895685155785e-06,4.456135273135452e-08
5,0.29803923,55.76489738629976,1.847442836646321e-06,4.6280378336195e-08
5,0.3019608,57.1838161523808,1.947172967907808e-06,4.595008970599247e-08
5,0.30588236,52.1101655009088,2.053266975461268e-06,5.056953061710699e-08
5,0.30980393,55.17450238834947,2.161627207489371e-06,4.870960595288591e-08
5,0.3137255,53.73592048915983,2.274899958941579e-06,5.374429701031435e-08
5,0.31764707,57.96883141272968,2.388027917427358e-06,5.424915378009513e-08
5,0.32156864,54.89908595059314,2.507857836661153e-06,5.725504437720474e-08
5,0.32549021,57.75680750131318,2.620678725424998e-06,5.990700532959788e-08
5,0.32941177,55.52700736276218,2.738536524933531e-06,5.696322002870674e-08
5,0.33333334,53.80102552083424,2.86056574504097e-06,5.754160818609439e-08
5,0.33725491,55.26179281789673,2.98416507037653e-06,6.373286946282426e-08
5,0.34117648,52.10429820618542,3.105910535870193e-06,6.926162056789117e-08
5,0.34509805,57.47036665924547,3.228856676171718e-06,6.797279843249822e-08
5,0.34901962,55.89912676488542,3.349662368317283e-06,6.96413093189642e-08
5,0.35294119,54.14243422755876,3.471327181184895e-06,6.629567014849267e-08
5,0.35686275,56.51248812185861,3.597303494626479e-06,7.746160652585081e-08
5,0.36078432,59.18990260367404,3.713973799832614e-06,7.488884444878531e-08
5,0.36470589,55.07808440452339,3.833611318230098e-06,7.748675109956256e-08
5,0.36862746,54.00297015790122,3.949340568660816e-06,8.400390728175043e-08
5,0.37254903,58.48549483982762,4.064183317034121e-06,8.788655703580017e-08
5,0.37647063,52.64136169850478,4.178241045160502e-06,8.822166311978527e-08
5,0.38039219,55.88912334404228,4.287205150101453e-06,9.219869260993699e-08
5,0.38431376,53.53358851134911,4.402488088885019e-06,9.321863293142212e-08
5,0.38823533,59.48817768607844,4.508386196620942e-06,9.580141620921756e-08
5,0.3921569,56.03098166775016,4.620932145633172e-06,9.534746405600892e-08
5,0.39607847,53.3165296189521,4.715462375129758e-06,9.758463156181469e-08
5,0.40000004,53.99855644668953,4.80660994095189e-06,8.743950090476088e-08
5,0.4039216,55.73372541169718,4.904870408332934e-06,9.548627625440324e-08
5,0.40784317,55.04364784379974,4.997831491682669e-06,8.384199845062184e-08
5,0.41176474,57.49173153891321,5.073700383009868e-06,9.161581879929984e-08
5,0.41568631,53.81791149950293,5.154193192699556e-06,8.784190138233578e-08
5,0.41960788,59.79948758699724,5.230643567839404e-06,9.854215739378872e-08
5,0.42352945,57.14193371119931,5.303475815764247e-06,9.04812047745813e-08
5,0.42745101,56.95788980877306,5.369276113350753e-06,9.169697610900302e-08
5,0.43137258,57.92450113004474,5.432799287696367e-06,9.343093228453748e-08
5,0.43529415,61.81590319757579,5.501441057468684e-06,9.7572523780329e-08
5,0.43921572,58.15798097018959,5.555509549571804e-06,9.607269935005857e-08
5,0.44313729,57.97279446599358,5.610709631953566e-06,8.844918072105443e-08
5,0.44705886,57.43312463287832,5.665319909360584e-06,8.447425702785898e-08
5,0.45098042,55.86345881883168,5.708111702240447e-06,9.26742165847582e-08
5,0.45490199,56.57137379873752,5.758490894323682e-06,9.519162333937823e-08
5,0.45882356,58.70480097599405,5.803897300332856e-06,8.900301641316729e-08
5,0.46274513,57.16745521242348,5.841850838779084e-06,8.947220984194763e-08
5,0.4666667,56.20027756543057,5.875983331945319e-06,7.755116018501872e-08
5,0.47058827,56.43848670988314,5.897229010823182e-06,8.089879738410533e-08
5,0.47450984,59.7457109087629,5.928784024539284e-06,8.550783407992866e-08
5,0.4784314,60.82652226692735,5.966880206632141e-06,6.939026715735387e-08
5,0.48235297,56.06149193881365,5.979850377679489e-06,7.193019818879978e-08
5,0.48627454,56.97457508847874,5.997153152974656e-06,6.937479493360315e-08
5,0.49019611,59.04572998221175,6.025716875512456e-06,7.927413651695711e-08
5,0.49411768,57.68780946703313,6.044271602207092e-06,6.97650994961651e-08
5,0.49803925,54.95870725753589,6.058724152416165e-06,7.73100373997319e-08
5,0.50196075,56.04946115451003,6.089063867986128e-06,8.779465677487036e-08
5,0.50588232,66.29714135541195,6.125643374181752e-06,1.013215648248304e-07
5,0.50980389,62.08632575168935,6.121782936959557e-06,8.459188462607299e-08
5,0.51372546,69.11776120994614,6.136459505108465e-06,9.947583453900509e-08
5,0.51764703,63.35534500552358,6.120799737348987e-06,9.194490153786262e-08
5,0.5215686,56.66835120879311,6.101002229708408e-06,9.083908612380615e-08
5,0.52549016,56.86757995441242,6.081931014129864e-06,7.956687403257353e-08
5,0.52941173,52.90944510864808,6.073652473029885e-06,9.308567304895114e-08
5,0.5333333,55.69948924237095,6.046406566876904e-06,8.696455650092372e-08
5,0.53725487,56.49049742490489,6.008340438875691e-06,7.895143111189488e-08
5,0.54117644,56.19874651957508,5.976847046574271e-06,7.628616252690151e-08
5,0.54509801,59.53614840222035,5.94417402387677e-06,8.059823556068472e-08
5,0.54901958,55.1603374476735,5.91223897421665e-06,7.28277271748495e-08
5,0.55294114,56.45762370701217,5.868754053921086e-06,7.494963838342928e-08
5,0.55686271,56.99025789778313,5.826613426293168e-06,7.717697327216599e-08
5,0.56078428,55.30884844857579,5.777041308792493e-06,8.03871237568867e-08
5,0.56470585,56.7892000033349,5.71472312015988e-06,7.891323627251249e-08
5,0.56862742,56.25834856197587,5.653876705791225e-06,7.593780272361114e-08
5,0.57254899,52.09007486587169,5.592345275089346e-06,7.872916330396866e-08
5,0.57647055,57.95066183662689,5.525087363283068e-06,8.212506522951329e-08
5,0.58039212,58.03083728694912,5.450483187115229e-06,7.760635177198903e-08
5,0.58431369,56.16518252363715,5.376174298787432e-06,7.531387585493139e-08
5,0.58823526,55.33211007082005,5.297526497710286e-06,7.461144931048228e-08
5,0.59215683,53.44891684706656,5.205178575381868e-06,7.614856512083642e-08
5,0.5960784,56.53582281391425,5.116933896778274e-06,7.476500902166908e-08
5,0.59999996,56.92513707579929,5.024748604945114e-06,7.44475625499528e-08
5,0.60392153,58.1638237683668,4.931000886231188e-06,6.942751078131351e-08
5,0.6078431,56.32228201077717,4.831013339583876e-06,7.618292067394121e-08
5,0.61176467,53.28943780495305,4.722883915517429e-06,7.27092357863422e-08
5,0.61568624,56.54783623042591,4.616497423175062e-06,6.920460837834772e-08
5,0.61960781,56.73138595770116,4.503739947520152e-06,7.177130414215716e-08
5,0.62352937,53.98728145940097,4.395720963941779e-06,6.945737840605478e-08
5,0.62745094,59.42158971330352,4.270666931396993e-06,6.751697070693439e-08
5,0.63137257,55.97465732315387,4.149445584273179e-06,6.860717721979868e-08
5,0.63529408,54.57270033851174,4.02816969637163e-06,6.248149708749896e-08
5,0.63921571,59.95001770988851,3.900753089926394e-06,6.623292824502475e-08
5,0.64313722,54.40587207728687,3.771993355343064e-06,6.050082157091079e-08
5,0.64705884,56.42468122074267,3.641251931701021e-06,6.017479323872992e-08
5,0.65098035,56.65319423534123,3.507964045764632e-06,6.35013957200776e-08
5,0.65490198,59.83243053439259,3.369668886637502e-06,6.272995544251185e-08
5,0.65882349,54.50222887229076,3.23408173781708e-06,6.151302913272735e-08
5,0.66274512,60.00097782563254,3.092719932777087e-06,6.001909418871422e-08
5,0.66666663,57.67000880522394,2.953519118829878e-06,5.345158873202532e-08
5,0.67058825,58.25364684141543,2.815448523170984e-06,5.232878196036537e-08
5,0.67450976,55.88850713455616,2.672261610507942e-06,4.983195284230417e-08
5,0.67843139,56.86379601128196,2.530153962021711e-06,4.533433482242243e-08
5,0.6823529,57.9526992128681,2.387342704962808e-06,4.515944514099691e-08
5,0.68627453,58.51480372346139,2.242949838678051e-06,4.483826706141684e-08
5,0.69019604,59.34313636576363,2.099535326690681e-06,4.019261626625623e-08
5,0.69411767,59.08319564202486,1.954099543845204e-06,3.810056836392691e-08
5,0.69803917,55.55692041579278,1.812924142959144e-06,3.496577520722165e-08
5,0.7019608,58.42993573475744,1.670997213539204e-06,3.413050164049587e-08
5,0.70588231,56.89376817958182,1.530532561166647e-06,3.088756054410602e-08
5,0.70980394,54.81673012366827,1.393183474539056e-06,2.861959263470643e-08
5,0.71372545,59.32359801656712,1.258173948014865e-06,2.606985856980328e-08
5,0.71764708,57.54789523615548,1.127327225579277e-06,2.407437630390873e-08
5,0.72156858,57.66380125449393,9.99499172652676e-07,2.142181767636475e-08
5,0.72549021,57.35637496440888,8.770398492147541e-07,1.871188628354243e-08
5,0.72941172,56.07865302365203,7.598349875272678e-07,1.6747031566596e-08
5,0.73333335,54.33410580327578,6.489709327638487e-07,1.469278398407486e-08
5,0.73725486,57.04850220414785,5.456748363734615e-07,1.211392726937861e-08
5,0.74117649,54.30516585411741,4.494415063206065e-07,1.057049551214815e-08
5,0.74509799,57.38974008471921,3.624953217007945e-07,8.538186970906392e-09
5,0.74901962,53.74644963855398,2.846087254114919e-07,6.997421411010604e-09
5,0.75294113,58.91062175900942,2.166064533083604e-07,5.476344433010098e-09
5,0.75686276,58.88605609985481,1.591009883309994e-07,4.178611877109867e-09
5,0.76078427,63,1.11447453606425e-07,3.005008046644494e-09
5,0.7647059,63,7.40703764359375e-08,2.080676242731604e-09
5,0.76862741,59,4.60043255717375e-08,1.369517815129518e-09
5,0.77254903,62,2.612388051859e-08,8.553675504391046e-10
5,0.77647054,58,1.2946276672185e-08,5.00510727210848e-10
5,0.78039217,61,4.794374037310251e-09,3.011990226670571e-10
5,0.78431368,69.00000008568348,8.168454727717745e-09,1.310560734074687e-08
5,0.78823531,72.00000003830839,-7.012524304058066e-09,8.442532940199997e-09
5,0.79215682,74.99999983068648,-8.504433990033778e-09,1.086012562426168e-08
5,0.79607844,70.0000000479138,-7.277910027242845e-09,1.007444823228554e-08
5,0.79999995,70.99999999012279,-5.393594169924198e-09,6.44681739810336e-09
5,0.80392158,67.00000003063731,-7.95971838749913e-09,1.301833839298764e-08
5,0.80784309,62.99999974844885,-5.192918243062951e-09,8.935160188109444e-09
5,0.81176472,70.99999997948409,-7.583837042970338e-09,1.043159100047174e-08
5,0.81568629,63.00000024107723,-5.45453571592417e-09,9.379885076458493e-09
5,0.81960785,59.00000005873382,-6.685269677434476e-09,1.412527409918742e-08
5,0.82352942,71.99999997533024,-6.637671244496082e-09,8.274247412478749e-09
5,0.82745099,64.00000007278368,-5.973087288812166e-09,9.969899176773366e-09
5,0.83137256,78.99999989802392,-8.189081324149881e-09,9.067488891428198e-09
5,0.83529413,64.99999990073232,-6.518806917392089e-09,1.060220078089033e-08
5,0.8392157,71.0000000230614,-8.003556407422562e-09,1.154427766529894e-08
5,0.84313726,67.00000005505339,-6.453789618547149e-09,9.73782010698398e-09
5,0.84705883,63.99999995045442,-5.193879466632007e-09,8.561790426358203e-09
5,0.8509804,68.00000002335668,-8.266216724471299e-09,1.327349353226834e-08
5,0.85490197,62.9999999515097,-6.094178202444422e-09,1.063933982000168e-08
5,0.85882354,63.00000001193179,-5.332367937109605e-09,9.246259363464938e-09
5,0.86274511,81.00000006327004,-7.831885782265483e-09,7.880663958376057e-09
5,0.86666667,59.99999996044263,-5.406667823448074e-09,1.070460169373769e-08
5,0.87058824,74.00000004902854,-6.790773645393047e-09,7.881935997125882e-09
5,0.87450981,64.99999999414736,-6.239730604683963e-09,1.006596419150886e-08
5,0.87843138,71.9999999811356,-7.176173888793327e-09,9.314066602616292e-09
5,0.88235295,64.00000017342251,-6.253896357806439e-09,1.057924503767544e-08
5,0.88627452,64,-1.745220117778515e-10,2.630957989428681e-10
5,0.89019608,75.99999996160395,-7.87908754365336e-09,9.369010919558219e-09
5,0.89411765,73.00000008729742,-6.112443682053372e-09,7.066620969776475e-09
5,0.89803922,60.99999979273297,-5.68164416857311e-09,1.083896551664258e-08
5,0.90196079,64.00000001466246,-5.45330347465997e-09,9.027597378011942e-09
5,0.90588236,67.99999997415414,-5.866492392610825e-09,8.23017047672472e-09
5,0.90980393,68.0000000593981,-6.854602878171358e-09,1.006940600173069e-08
5,0.9137255,72.00000006423248,-6.680784085089488e-09,8.329599999460657e-09
5,0.91764706,75.99999995087407,-7.932241058027799e-09,9.577249399656719e-09
5,0.92156863,68.99999979052286,-6.972618128957059e-09,1.001624835459959e-08
5,0.9254902,65.99999996634017,-6.124999592939129e-09,9.449783881646896e-09
5,0.92941177,72.00000009516592,-7.36401062053917e-09,9.645904629491391e-09
5,0.93333334,63.00000013983512,-6.252998791561327e-09,1.102202442531712e-08
5,0.93725491,69.00000008728459,-8.063780799977363e-09,1.250412513392089e-08
5,0.94117647,55.99999798607629,-7.761367177816371e-09,9.366968802820589e-09
5,0.94509804,61.99999977656952,-5.793502660771052e-09,1.051072674105426e-08
5,0.94901961,79.00000007524488,-7.654840071493321e-09,8.037873554879461e-09
5,0.95294118,65.0000000923004,-5.994108458602963e-09,9.621343375075792e-09
5,0.95686275,72.00000017208131,-7.969474030955056e-09,1.104847451739714e-08
5,0.96078432,67.00000003759519,-5.911803816740187e-09,8.699771120339709e-09
5,0.96470588,75.00000022319078,-7.788095518799609e-09,9.512416988426823e-09
5,0.96862745,71.00000022118984,-6.148735794848782e-09,7.697521819016304e-09
5,0.97254902,59.00000023473369,-4.344287883372985e-09,9.264890302545104e-09
5,0.97647059,63.99999996401322,-6.857111843974888e-09,1.186388009597424e-08
5,0.98039216,67.99999991258755,-5.974756727132232e-09,8.455840426040801e-09
5,0.98431373,71.00000011186806,-7.941903007482719e-09,1.129477883254927e-08
5,0.98823529,66.99999992542402,-6.278929474286193e-09,9.348954208749319e-09
5,0.99215686,62.99999982419518,-5.387435674438791e-09,9.345434141981623e-09
5,0.99607843,62.99999999458221,-6.805748263599072e-09,1.225358541407592e-08
5,1,62,-1.58389048766304e-10,2.547527789773444e-10
6,0,62,-9.26959783445985e-10,1.532663040564107e-09
6,0.0039215689,70.99999990729233,-7.062153573651546e-09,9.358840278154529e-09
6,0.0078431377,58.00000016978895,-5.670260072781714e-09,1.233417875241572e-08
6,0.011764707,61.99999995824425,-6.179485387746006e-09,1.131766590665165e-08
6,0.015686275,74.00000008186028,-7.981421239609207e-09,1.030528484163304e-08
6,0.019607844,62,-1.93058199410941e-10,2.555592511974501e-10
6,0.023529414,64.99999989303942,-6.224250638975451e-09,1.001117970187793e-08
6,0.027450982,54.00000005287947,-5.331332328870497e-09,1.395018810221785e-08
6,0.031372551,64.00000006025691,-5.604574716590067e-09,9.317969135641558e-09
6,0.035294119,67.99999996154615,-5.778610530648008e-09,8.099878496540673e-09
6,0.039215688,68.0000002109883,-6.036415505391605e-09,8.489036473737316e-09
6,0.043137256,62.00000017414283,-6.640701974007159e-09,1.22443699729741e-08
6,0.047058828,63.99999999559031,-5.133550587337139e-09,8.454947820170768e-09
6,0.050980397,70.99999987782171,-7.162153096255121e-09,9.62734171895718e-09
6,0.054901965,71.00000004538845,-7.472700361242074e-09,1.026650581795694e-08
6,0.058823533,62.99999995874024,-5.523748552886623e-09,9.515621583806896e-09
6,0.062745102,68.99999992474898,-7.298765553625352e-09,1.05743918035928e-08
6,0.06666667,66.99999990210027,-6.275658858580862e-09,9.358548018607384e-09
6,0.070588239,66.99999995165415,-6.889756297353853e-09,1.059796509244321e-08
6,0.074509807,66.00000004059402,-6.794951410954008e-09,1.080240514973434e-08
6,0.078431375,68.99999998294143,-5.501363498439015e-09,7.273489303121137e-09
6,0.082352944,65.99999997648334,-6.856477878939128e-09,1.090324097942448e-08
6,0.086274512,64.99999968944576,-4.849465648366974e-09,7.636155544141065e-09
6,0.090196081,56.00000004189953,-4.373830908656914e-09,1.083669872121007e-08
6,0.094117656,76.00000010072125,-6.824124058776564e-09,7.374116182689985e-09
6,0.098039225,74.99999983517382,-6.105107434461663e-09,6.475770505080269e-09
6,0.10196079,59.24678435357336,2.41229159089726e-07,1.58280658853198e-08
6,0.10588236,55.11695688728035,2.450289437869911e-07,1.487408993750418e-08
6,0.10980393,53.6900544156669,2.396494168026038e-07,1.262477345516173e-08
6,0.1137255,55.0533832603718,2.30776038849582e-07,1.216659589447565e-08
6,0.11764707,56.74187431943695,2.207598957714552e-07,1.187025330294615e-08
6,0.12156864,54.87633026555848,2.105867832125459e-07,1.179224816297297e-08
6,0.1254902,55.7001163980291,2.002320213801226e-07,1.144226824420001e-08
6,0.12941177,55.83957802382124,1.906534194938617e-07,1.020744956461312e-08
6,0.13333334,57.85299676892664,1.81039194913254e-07,1.012469948893406e-08
6,0.13725491,55.48132918394126,1.730456685040334e-07,8.782662247999438e-09
6,0.14117648,57,1.67484497918675e-07,7.495685032345889e-09
6,0.14509805,56.15906272338308,1.629348822493825e-07,8.30665630856848e-09
6,0.14901961,54.82000153401295,1.599673039807085e-07,8.430326134338836e-09
6,0.15294118,57.96450399052796,1.582982626747899e-07,8.146937622687907e-09
6,0.15686275,57.33425599603889,1.574996337160749e-07,8.849731264120474e-09
6,0.16078432,54.4636542625742,1.584295560971674e-07,8.262711054160097e-09
6,0.16470589,55.44505599897688,1.616290556966429e-07,9.102086996366678e-09
6,0.16862746,57.93353758543198,1.65298624812744e-07,8.476971995666736e-09
6,0.17254902,55.09280464242894,1.70552319117983e-07,9.369302536130192e-09
6,0.17647059,58.2895317038028,1.768102141864926e-07,9.047318953051021e-09
6,0.18039216,58.53472093324199,1.849391363737965e-07,9.629217097158747e-09
6,0.18431373,55.12187998911971,1.936448480065999e-07,9.483965785037461e-09
6,0.18823531,56.52778766979407,2.04334661155221e-07,9.308969786670275e-09
6,0.19215688,57.90773932246089,2.158987535580393e-07,1.006041586073516e-08
6,0.19607845,59.11167535191053,2.29605368567354e-07,1.100545776185166e-08
6,0.20000002,56.52844639822204,2.450921584926079e-07,1.082554079825515e-08
6,0.20392159,55.46787666741614,2.624678677981236e-07,1.128691875107034e-08
6,0.20784315,54.46939917379378,2.816195646044683e-07,1.164472982650733e-08
6,0.21176472,57.09582298134657,3.037179763189486e-07,1.300983144423195e-08
6,0.21568629,53.09913577328644,3.281306017657037e-07,1.39257766291301e-08
6,0.21960786,58.10959113922995,3.539292627996381e-07,1.345573927340792e-08
6,0.22352943,53.07973920990108,3.820452610415992e-07,1.380914880088264e-08
6,0.227451,56.60258663033272,4.123925601159707e-07,1.44906197562388e-08
6,0.23137257,55.13421359875258,4.455391398026589e-07,1.440098104562861e-08
6,0.23529413,57.81280311336206,4.815193034799419e-07,1.540012527708759e-08
6,0.2392157,58.41958510703723,5.207533513737416e-07,1.528552696508357e-08
6,0.24313727,54.37804916620036,5.602397484585465e-07,1.818893310743295e-08
6,0.24705884,53.25515472819851,6.016251273986701e-07,1.823100950213797e-08
6,0.25098041,58.93465839306112,6.461983237603928e-07,2.071790614160653e-08
6,0.25490198,58.56494201225279,6.92797136026502e-07,1.856990868966325e-08
6,0.25882354,56.5836270538019,7.444031262363498e-07,2.063794360176586e-08
6,0.26274511,58.54963922970095,7.946691082370922e-07,2.23335360799808e-08
6,0.26666668,52.87083851323081,8.495386976984561e-07,2.315728486064425e-08
6,0.27058825,54.29092986227631,9.071850574428058e-07,2.323435264927192e-08
6,0.27450982,56.56184885045332,9.691671588423631e-07,2.670416395561886e-08
6,0.27843139,56.78903315063711,1.031558024352795e-06,2.582830386304594e-08
6,0.28235295,58.8635468093564,1.097855891885242e-06,3.003492993771269e-08
6,0.28627452,57.36348929637128,1.170106956726999e-06,2.864190362755657e-08
6,0.29019609,54.29292857156703,1.247274474511596e-06,3.125398815469613e-08
6,0.29411766,60.09076183414042,1.323260570126696e-06,3.233017454883671e-08
6,0.29803923,57.64671283279387,1.410119317981757e-06,3.246294038001898e-08
6,0.3019608,55.41276561926334,1.494440652966522e-06,3.376886277324846e-08
6,0.30588236,55.14691576827812,1.586811171436449e-06,3.522662019108353e-08
6,0.30980393,57.3733251793984,1.676630661849565e-06,3.94819896342553e-08
6,0.3137255,56.91825420835325,1.771625488142439e-06,4.193315891048235e-08
6,0.31764707,58.14121504746445,1.874024876713108e-06,4.108667510735067e-08
6,0.32156864,55.58176822036101,1.978170639863694e-06,4.522012560531876e-08
6,0.32549021,55.97297715614745,2.084533694749259e-06,4.738831033748851e-08
6,0.32941177,56.29180806303069,2.189796731449275e-06,4.976485528436659e-08
6,0.33333334,57.60509266070901,2.306156786045956e-06,5.002121636781443e-08
6,0.33725491,56.1474726428488,2.42350828909955e-06,5.391987284943358e-08
6,0.34117648,60.23310899345876,2.542040515673948e-06,5.63755654413158e-08
6,0.34509805,56.29319743354842,2.658094234037433e-06,5.833010855544358e-08
6,0.34901962,57.65904987937471,2.779295864880292e-06,6.082139848320731e-08
6,0.35294119,54.96362764812968,2.900224368615674e-06,6.413667345237594e-08
6,0.35686275,54.4792836037389,3.020969482450239e-06,6.830741931481245e-08
6,0.36078432,54.8374531016082,3.148882245055957e-06,6.968303928310504e-08
6,0.36470589,55.84458438258714,3.27063841249133e-06,7.801550048673514e-08
6,0.36862746,54.84302208352703,3.392666489757565e-06,6.883796772281233e-08
6,0.37254903,53.33150562436547,3.514702059912142e-06,7.257621790658473e-08
6,0.37647063,61.30864983152918,3.635510850044908e-06,7.939341020407184e-08
6,0.38039219,57.88314377467495,3.754769240175472e-06,8.32519160285564e-08
6,0.38431376,55.45013174013167,3.875565618253191e-06,9.432022580579534e-08
6,0.38823533,56.95583806930537,4.00185271236779e-06,8.91719499500829e-08
6,0.3921569,55.18198498631185,4.114862852883115e-06,8.839035652014088e-08
6,0.39607847,58.59180899918078,4.232853731892298e-06,9.405927913250969e-08
6,0.40000004,59.10597606078753,4.346783646128434e-06,8.985397132095188e-08
6,0.4039216,57.2350977450736,4.446808602550217e-06,8.837525415615941e-08
6,0.40784317,59.83033576319709,4.560035025647931e-06,9.717824528085306e-08
6,0.41176474,55.01023381999885,4.65850348223166e-06,9.660667186107539e-08
6,0.41568631,58.8894347243607,4.766326417527584e-06,9.971232715264715e-08
6,0.41960788,61.73642689961954,4.862677531534169e-06,1.056377813482441e-07
6,0.42352945,57.56049989798946,4.956156858954942e-06,9.717159401919469e-08
6,0.42745101,57.82385182978688,5.036696723669415e-06,1.030303749101798e-07
6,0.43137258,57.4777295715996,5.12982156036168e-06,1.004767502495317e-07
6,0.43529415,55.84752304579586,5.209660310323202e-06,1.031439093078914e-07
6,0.43921572,55.32810965636835,5.284332235376381e-06,1.057455777496793e-07
6,0.44313729,57.94600600270527,5.36304241477874e-06,1.000978916908441e-07
6,0.44705886,57.10545618152767,5.436124955763052e-06,9.797689141564851e-08
6,0.45098042,53.59391227743831,5.493268274616737e-06,9.594157468193307e-08
6,0.45490199,57.18636631649692,5.552457906173447e-06,1.011841458322764e-07
6,0.45882356,57.11894061058528,5.616289135740957e-06,8.978620594433683e-08
6,0.46274513,54.8881076361487,5.660323137361504e-06,9.716809213024453e-08
6,0.4666667,54.0980134471624,5.709656608459467e-06,9.058868740309855e-08
6,0.47058827,53.5132848600199,5.751618259165871e-06,8.903073681411302e-08
6,0.47450984,57.41879622098691,5.805673141527173e-06,9.447895459298888e-08
6,0.4784314,54.35606355872755,5.842510083173408e-06,8.954014553105636e-08
6,0.48235297,53.44426248246567,5.880944533315874e-06,8.651900273622696e-08
6,0.48627454,60.37540399973305,5.912034775523017e-06,8.402619539028547e-08
6,0.49019611,58.8791589730365,5.947931482826244e-06,8.211242019512548e-08
6,0.49411768,53.42612371354354,5.968348608438491e-06,7.605585494658141e-08
6,0.49803925,52.79644719912309,5.994675661431637e-06,7.402742882198402e-08
6,0.50196075,57.61001624214992,6.01490667308913e-06,7.629498991326086e-08
6,0.50588232,54.46700207649731,6.036078651203414e-06,6.950820745342595e-08
6,0.50980389,56.44295510689881,6.055781595602937e-06,6.743782534572932e-08
6,0.51372546,55.99255990453022,6.083183977754571e-06,7.594026884102016e-08
6,0.51764703,60.72777966092318,6.115415112174065e-06,9.372006345618248e-08
6,0.5215686,66.99253293660792,6.140075390348605e-06,1.037066482513924e-07
6,0.52549016,61.16441154676313,6.106800314188322e-06,7.594729498233667e-08
6,0.52941173,72.7027813634831,6.148016099357899e-06,9.756994840103282e-08
6,0.5333333,58.03247457840889,6.102718427153587e-06,7.808384415380714e-08
6,0.53725487,57.03739725481836,6.092579834179786e-06,7.602445773760623e-08
6,0.54117644,58.24159363286106,6.090813980461488e-06,7.654616910338938e-08
6,0.54509801,53.23794272756675,6.053692818538579e-06,7.047033982310685e-08
6,0.54901958,59.05129858466273,6.032815496763278e-06,7.73952501887804e-08
6,0.55294114,55.17036828866528,6.005637849240222e-06,7.724012764044425e-08
6,0.55686271,56.11864560739747,5.982527071647034e-06,7.361589151734013e-08
6,0.56078428,55.04299975292871,5.952840863166082e-06,7.365184009557461e-08
6,0.56470585,56.37980992435216,5.917252085234119e-06,8.224124945703188e-08
6,0.56862742,55.35340735206586,5.871984652282182e-06,7.343966059266276e-08
6,0.57254899,53.94613252796337,5.828606062521743e-06,8.215124229890281e-08
6,0.57647055,55.9887907445919,5.776868780846295e-06,8.148919471108805e-08
6,0.58039212,56.45703804761994,5.724044333630593e-06,7.841540845555045e-08
6,0.58431369,54.80840311618805,5.6637962294367e-06,8.104980289867633e-08
6,0.58823526,59.05103490422607,5.5961367555571e-06,8.487855731569475e-08
6,0.59215683,53.71489658173959,5.532285195936645e-06,8.979805099709445e-08
6,0.5960784,55.73286608986934,5.461432455968315e-06,8.544497331670103e-08
6,0.59999996,55.71889968971855,5.383101922684248e-06,8.051500736493997e-08
6,0.60392153,57.20086430719854,5.302877496479101e-06,8.296143032012327e-08
6,0.6078431,56.44158031463659,5.214564268867238e-06,8.121972313393176e-08
6,0.61176467,52.28144510232397,5.130443164941054e-06,8.446645301692659e-08
6,0.61568624,55.02998807364817,5.037201218577686e-06,8.152942601330125e-08
6,0.61960781,53.52661819363511,4.94302311879591e-06,8.286903272748907e-08
6,0.62352937,55.1145247691296,4.844067850763387e-06,8.300529461052507e-08
6,0.62745094,54.75884773909129,4.744163139927723e-06,8.762232619617154e-08
6,0.63137257,58.73561262362897,4.641912394809105e-06,8.173434982231568e-08
6,0.63529408,53.4969894481627,4.536824862040688e-06,8.889377248412295e-08
6,0.63921571,58.5417506548176,4.422132321010447e-06,8.552341909291267e-08
6,0.64313722,52.30506859974756,4.308183134834493e-06,8.290231879898785e-08
6,0.64705884,54.61763166857207,4.189230140685384e-06,8.231283229526985e-08
6,0.65098035,57.32200764491472,4.070270206287096e-06,8.789361526211281e-08
6,0.65490198,55.78400628927253,3.949474758078836e-06,8.14930442674977e-08
6,0.65882349,54.58329072084516,3.823140183589336e-06,7.83894062897502e-08
6,0.66274512,56.09125761002412,3.69767309636778e-06,7.353933937047239e-08
6,0.66666663,53.13160901434991,3.565709703338303e-06,7.673585914737624e-08
6,0.67058825,56.06781641325684,3.440629254087622e-06,7.095115135400627e-08
6,0.67450976,54.21641028073356,3.302882759774648e-06,6.790675372011356e-08
6,0.67843139,57.19635209207543,3.170112891024593e-06,6.734814903668209e-08
6,0.6823529,56.25860487146703,3.032446305184242e-06,6.798156265836974e-08
6,0.68627453,57.12864758888941,2.899185014867683e-06,6.016207876370141e-08
6,0.69019604,57.05828580312562,2.765216523633043e-06,6.040243350592719e-08
6,0.69411767,58.41459664185331,2.627725002448537e-06,5.687929180165309e-08
6,0.69803917,54.30065245217122,2.489889446370272e-06,5.409313402832085e-08
6,0.7019608,57.747708060251,2.350036386151521e-06,5.015865386496632e-08
6,0.70588231,57.57820367039265,2.210603409719616e-06,4.758964738825073e-08
6,0.70980394,56.54448752914097,2.069575668951798e-06,4.557501072251978e-08
6,0.71372545,55.37917674891833,1.928898546246594e-06,4.151883752667321e-08
6,0.71764708,54.07461209460471,1.790555077906224e-06,3.809057357929819e-08
6,0.72156858,56.25926074088652,1.65313098606875e-06,3.783041430026779e-08
6,0.72549021,55.63446279886039,1.51495034522637e-06,3.429721482792593e-08
6,0.72941172,55.91653903105352,1.380398534592948e-06,3.031241145862669e-08
6,0.73333335,56.56151275068871,1.247960216547151e-06,2.716305110846477e-08
6,0.73725486,56.3976144378758,1.119088138001266e-06,2.4371538827793e-08
6,0.74117649,55.32762527031056,9.933861066710694e-07,2.20052098946989e-08
6,0.74509799,54.56367348825285,8.722840363678657e-07,1.922726767868808e-08
6,0.74901962,54.16611248050864,7.56430596680953e-07,1.679281306723325e-08
6,0.75294113,54.90898019734502,6.473368338517916e-07,1.420804514330933e-08
6,0.75686276,55.74292699745787,5.443484877116623e-07,1.251500729602352e-08
6,0.76078427,55.89090178833268,4.493019287026225e-07,1.039331544953526e-08
6,0.7647059,58.23749943117467,3.629841601005667e-07,8.208036831468614e-09
6,0.76862741,56.52100000714317,2.852752854936824e-07,6.804360774746432e-09
6,0.77254903,59.78754001128856,2.179528693874083e-07,5.003399256689362e-09
6,0.77647054,53.67423135750694,1.597976175743741e-07,3.975766433692349e-09
6,0.78039217,67,1.1231740862855e-07,3.122917606995543e-09
6,0.78431368,66,7.48292580322725e-08,2.166873597296524e-09
6,0.78823531,59,4.6587294744365e-08,1.438567737748523e-09
6,0.79215682,67,2.65166211757075e-08,8.838536949014362e-10
6,0.79607844,61,1.318259617327e-08,5.138770738571076e-10
6,0.79999995,64,4.877566472044e-09,3.042564762630803e-10
6,0.80392158,67.00000001496818,7.658743750139409e-09,1.27567699939541e-08
6,0.80784309,61.00000040718219,-5.277258683049022e-09,9.451067355381292e-09
6,0.81176472,54.00000015500566,-5.692893333573487e-09,1.445788732945247e-08
6,0.81568629,66.99999990705467,-7.033611015254292e-09,1.067130481659312e-08
6,0.81960785,61.0000000667863,-6.586453593505779e-09,1.254880465397578e-08
6,0.82352942,75.9999999396271,-7.920686021517e-09,9.388341306359823e-09
6,0.82745099,65.99999989064597,-6.538686635652973e-09,1.01737924958702e-08
6,0.83137256,60.00000020870118,-6.19153447073818e-09,1.225735972741197e-08
6,0.83529413,70.00000011727853,-7.086146491629765e-09,9.732904769628136e-09
6,0.8392157,61.00000005354017,-6.054526537636882e-09,1.147739807254275e-08
6,0.84313726,61.99999994822193,-5.952742237472985e-09,1.079279271115517e-08
6,0.84705883,62.99999988584722,-6.276390315395696e-09,1.09868394158406e-08
6,0.8509804,65.99999989717068,-6.164505626318736e-09,9.464800020743228e-09
6,0.85490197,60,-1.992651304055938e-10,2.625019121619159e-10
6,0.85882354,70.99999987018906,-7.352018523771078e-09,9.932646514694769e-09
6,0.86274511,69.00000005155263,-7.323310895131638e-09,1.064899601133681e-08
6,0.86666667,61.00000004322782,-5.795837046672614e-09,1.095624797919069e-08
6,0.87058824,69.9999998114332,-6.848588921375477e-09,9.277782846738566e-09
6,0.87450981,66.00000013075022,-6.742527798563798e-09,1.062182365960601e-08
6,0.87843138,64.00000006840628,-6.389506037826575e-09,1.078247683989901e-08
6,0.88235295,68.00000003863536,-5.624600550477795e-09,7.828103895220495e-09
6,0.88627452,58.0000000091697,-5.718200289909499e-09,1.237462185854879e-08
6,0.89019608,56.99999987041706,-5.137909770088196e-09,1.171084895928661e-08
6,0.89411765,57.99999987463654,-4.445348689223809e-09,9.873064129345656e-09
6,0.89803922,67.99999994246133,-6.248158641398734e-09,8.892766594192673e-09
6,0.90196079,65.9999999570294,-6.852483225777699e-09,1.088593317480822e-08
6,0.90588236,55.99999991013313,-5.176944841686816e-09,1.237841676000913e-08
6,0.90980393,66.9999999054815,-6.32773053253576e-09,9.414867852996723e-09
6,0.9137255,74.99999999378771,-7.923987620550443e-09,9.824307933460003e-09
6,0.91764706,63.00000008648883,-7.223282794029149e-09,1.311569419356731e-08
6,0.92156863,66.00000005335056,-8.314933918541911e-09,1.432837614932369e-08
6,0.9254902,64.99999991865108,-7.367040017072157e-09,1.252022727404477e-08
6,0.92941177,72.00000001899815,-6.487350181728339e-09,7.94300536055626e-09
6,0.93333334,62.99999989955774,-5.190198680798798e-09,8.920220264389816e-09
6,0.93725491,68.00000014057696,-5.675580105888731e-09,7.918188217003418e-09
6,0.94117647,73.00000005663226,-8.429571323596062e-09,1.154378051999807e-08
6,0.94509804,70.99999992594554,-7.262139722135839e-09,9.759715256493994e-09
6,0.94901961,72.00000001812985,-6.677156405729262e-09,8.290708058842051e-09
6,0.95294118,60.99999984402484,-5.300097869423858e-09,1.001298776317451e-08
6,0.95686275,75.99999989361574,-7.536373021341981e-09,8.686712539900539e-09
6,0.96078432,61.00000001907433,-5.623044723116466e-09,1.063237593082025e-08
6,0.96470588,62.99999985629339,-5.883356907126336e-09,1.021441170755991e-08
6,0.96862745,65.99999991757355,-7.104082734177513e-09,1.139305612119651e-08
6,0.97254902,67.00000017737008,-5.440439851271207e-09,7.833265445923016e-09
6,0.97647059,64.00000007305904,-7.396758245958446e-09,1.307356920077728e-08
6,0.98039216,66.00000013847098,-6.966697622379497e-09,1.112756127605018e-08
6,0.98431373,70.99999990074431,-8.461840574812098e-09,1.245166387574829e-08
6,0.98823529,70.00000013582857,-7.472720049375592e-09,1.06011560496032e-08
6,0.99215686,67.00000024105523,-6.34695711212635e-09,9.474111128937195e-09
6,0.99607843,67.00000006132439,-6.429508991206755e-09,9.637944882323133e-09
6,1,61.99999990973388,-5.742779221528824e-09,1.040481933174269e-08
7,0,66,-9.615396850877582e-10,1.522322023186941e-09
7,0.0039215689,62.00000000772177,-6.404109089064154e-09,1.180443467181973e-08
7,0.0078431377,73.00000002184825,-6.557767208227163e-09,7.819470960505522e-09
7,0.011764707,69.00000007681352,-7.421456140702828e-09,1.089374839601366e-08
7,0.015686275,67.00000005518253,-7.311854959991486e-09,1.14817346617515e-08
7,0.019607844,62.99999994885498,-4.776992937065415e-09,8.240191776922647e-09
7,0.023529414,64.99999987132246,-6.198455034909143e-09,1.004589660652631e-08
7,0.027450982,67.99999992942509,-7.181893104697267e-09,1.085718149270214e-08
7,0.031372551,68.99999981937732,-6.157451682772243e-09,8.40019928448761e-09
7,0.035294119,75.0000000757685,-7.708911030304999e-09,9.303489626457436e-09
7,0.039215688,70.00000001199756,-6.419944499900892e-09,8.502971940019257e-09
7,0.043137256,73.99999996464909,-7.220464937426521e-09,8.742826476644976e-09
7,0.047058828,64.999999982951,-6.132065886252625e-09,9.931102389921158e-09
7,0.050980397,71.99999997205964,-6.354617095332153e-09,7.766293722888322e-09
7,0.054901965,75.9999998896442,-8.942793905135542e-09,1.181622810997772e-08
7,0.058823533,65.99999993402916,-6.569722912546813e-09,1.032360608322091e-08
7,0.062745102,74.00000002037127,-6.888138508134793e-09,8.12268834093906e-09
7,0.06666667,61.00000001642893,-6.354629216025859e-09,1.226593895816232e-08
7,0.070588239,72.0000000442499,-5.980812669509002e-09,7.175234654441804e-09
7,0.074509807,64.99999989153248,-5.899936128660569e-09,9.392906021048694e-09
7,0.078431375,56,-1.705855228298598e-10,2.527692061853436e-10
7,0.082352944,81.00000003003804,-7.893264638673713e-09,8.014467439655776e-09
7,0.086274512,63.99999994314359,-7.003642722020889e-09,1.22950029252482e-08
7,0.090196081,75.00000006109164,-7.385629943755459e-09,8.701073807881342e-09
7,0.094117656,70.99999990368063,-7.225732734373066e-09,9.697082686647564e-09
7,0.098039225,72.00000016183003,-7.169185624373371e-09,9.272284475625059e-09
7,0.10196079,70.99999983448825,-7.490358021944198e-09,1.040093393911991e-08
7,0.10588236,63,-1.535590735234382e-10,2.523090265736322e-10
7,0.10980393,62.00000002525648,-6.898124338030553e-09,1.287298732052594e-08
7,0.1137255,75.99999990877977,-6.10657855318374e-09,6.26311247044636e-09
7,0.11764707,60.00000010449575,-6.815343860453645e-09,1.373827347114484e-08
7,0.12156864,55.01922744397719,2.397690476467233e-07,1.668910216778896e-08
7,0.1254902,57.9676906309196,2.463870726080513e-07,1.942149282826936e-08
7,0.12941177,60.29136419503257,2.431808410346935e-07,1.991333307132809e-08
7,0.13333334,57.65264363037618,2.361640810969492e-07,1.825731683707624e-08
7,0.13725491,59.75287212579558,2.272022944198097e-07,1.531459592697292e-08
7,0.14117648,56.22791240523463,2.178445315337808e-07,1.555623989459844e-08
7,0.14509805,61.42356779926327,2.082947685821897e-07,1.354343568665885e-08
7,0.14901961,58.00832003121845,1.991881202470062e-07,1.30063745439662e-08
7,0.15294118,57.58752584598411,1.900951467254088e-07,1.324629018270859e-08
7,0.15686275,56.53395510900754,1.829461134764392e-07,1.330230930049494e-08
7,0.16078432,60.73109330284189,1.773143015281074e-07,1.355397427634632e-08
7,0.16470589,61.48743370019049,1.740357594456612e-07,1.208238581801248e-08
7,0.16862746,55.19328822780744,1.705287113668236e-07,1.232483497981583e-08
7,0.17254902,57.50768459734673,1.693574151287016e-07,1.131620844521989e-08
7,0.17647059,58.16423253546802,1.684583294168665e-07,1.197399894217687e-08
7,0.18039216,56.19713089216543,1.700094536600166e-07,1.185920765826639e-08
7,0.18431373,54.55357363471278,1.728022869858581e-07,1.146279702141445e-08
7,0.18823531,56.70310699714449,1.773426539574914e-07,1.176659604940416e-08
7,0.19215688,52.63031953114179,1.827751880549346e-07,1.134677351651703e-08
7,0.19607845,57.85059053246327,1.896416381804563e-07,1.097054530061657e-08
7,0.20000002,55.3150014794745,1.974535516072984e-07,1.24555657213895e-08
7,0.20392159,56.47583327442024,2.065758481846367e-07,1.142765902550636e-08
7,0.20784315,54.73548637195541,2.17502888365818e-07,1.23663963729752e-08
7,0.21176472,52.44109330063927,2.300547307042171e-07,1.209330755541858e-08
7,0.21568629,54.87718000238728,2.44597530056475e-07,1.290898635850527e-08
7,0.21960786,54.28284611845005,2.598720054819053e-07,1.318881491528363e-08
7,0.22352943,56.86302687240944,2.776183026554931e-07,1.333228811433314e-08
7,0.227451,58.19466137907622,2.972870031908463e-07,1.485930855515997e-08
7,0.23137257,56.43675593217743,3.184506009455857e-07,1.464409023995225e-08
7,0.23529413,56.66093956488317,3.424274537551439e-07,1.477349719970171e-08
7,0.2392157,57.70934038901364,3.67451785850975e-07,1.539550904386616e-08
7,0.24313727,55.88549151454119,3.956895394473386e-07,1.639856824990755e-08
7,0.24705884,57.16620117776539,4.252257194796777e-07,1.641519570494699e-08
7,0.25098041,57.73750698859052,4.592526453846555e-07,1.726505662817501e-08
7,0.25490198,54.05741570884756,4.933492417424167e-07,1.919788428433755e-08
7,0.25882354,57.89823826661431,5.307618388160802e-07,2.028003912762767e-08
7,0.26274511,53.39071164769683,5.712731006362286e-07,2.056809090559927e-08
7,0.26666668,56.47666278567012,6.134720050939372e-07,2.260253554452301e-08
7,0.27058825,54.25398805767847,6.579011107284778e-07,2.243661851350592e-08
7,0.27450982,56.05303625152191,7.049705745743454e-07,2.486127245611799e-08
7,0.27843139,55.353401311848,7.546355511947806e-07,2.663729495115269e-08
7,0.28235295,54.95600429583696,8.083505896091253e-07,2.819514776097929e-08
7,0.28627452,56.75995426898921,8.622576399175749e-07,2.872916988649334e-08
7,0.29019609,54.50488382100563,9.216277885010276e-07,3.045536237252535e-08
7,0.29411766,55.4266107485689,9.87462355652458e-07,3.354398922235894e-08
7,0.29803923,54.96500283397129,1.054235268034213e-06,3.481667658277301e-08
7,0.3019608,57.10393066720383,1.125313114637968e-06,3.526899902459274e-08
7,0.30588236,52.95190644584897,1.200778422174966e-06,3.834807475118951e-08
7,0.30980393,55.11002284170421,1.277300441427766e-06,3.956012615414122e-08
7,0.3137255,54.7025807306637,1.361682097849177e-06,4.170489917774042e-08
7,0.31764707,57.97605021000096,1.445144152832517e-06,4.411874397587012e-08
7,0.32156864,57.16114458516121,1.533326951073559e-06,4.342713383556105e-08
7,0.32549021,53.29202495475675,1.625881592905568e-06,4.780729641711964e-08
7,0.32941177,56.94212412559936,1.724013526423039e-06,5.145105726877902e-08
7,0.33333334,56.3682326129067,1.823962106253143e-06,5.686683582589669e-08
7,0.33725491,56.43208240856622,1.929337786576829e-06,6.043592103608832e-08
7,0.34117648,57.49491917734088,2.035246695156984e-06,6.12397513823285e-08
7,0.34509805,53.4651341496275,2.147129005114443e-06,6.815279096048934e-08
7,0.34901962,56.03530464333615,2.257737525137306e-06,6.863086142165745e-08
7,0.35294119,57.18019343224591,2.375597946220557e-06,7.399033621368937e-08
7,0.35686275,59.95100405045743,2.492012033351431e-06,7.626816020330844e-08
7,0.36078432,57.31892430480397,2.611909200735389e-06,7.644238572157052e-08
7,0.36470589,54.78887687144348,2.740635640610886e-06,8.505304600499042e-08
7,0.36862746,56.69401683001333,2.868908793115799e-06,8.454327883196322e-08
7,0.37254903,54.63069377421947,2.99146535938348e-06,8.423924314128525e-08
7,0.37647063,56.12027360568214,3.121296417331572e-06,8.80614988434405e-08
7,0.38039219,55.1118384165605,3.247944566193098e-06,8.961923452363348e-08
7,0.38431376,55.45369840917643,3.375144356313683e-06,9.464242545604521e-08
7,0.38823533,56.94715566630595,3.508058712029709e-06,1.000641284490674e-07
7,0.3921569,58.89174448287612,3.638235165866797e-06,1.009685118340791e-07
7,0.39607847,58.07286288440782,3.767758701427715e-06,1.049152472921246e-07
7,0.40000004,57.16243297404966,3.897690454847271e-06,1.146580600075654e-07
7,0.4039216,53.55691770459317,4.017431006107067e-06,1.176463926922662e-07
7,0.40784317,59.12234117289837,4.13972607657933e-06,1.227877125916016e-07
7,0.41176474,58.30077331131013,4.269504830992962e-06,1.253373615218966e-07
7,0.41568631,56.64576019922772,4.389818729870357e-06,1.369644271029152e-07
7,0.41960788,56.48468989485073,4.508354288796521e-06,1.363580862405042e-07
7,0.42352945,54.25066460710867,4.619359469322712e-06,1.364404831288974e-07
7,0.42745101,60.13799410137314,4.741756158398784e-06,1.314085723332785e-07
7,0.43137258,55.34126540820856,4.835680574846455e-06,1.262889212813836e-07
7,0.43529415,55.98539711701034,4.936950465050584e-06,1.312168154105772e-07
7,0.43921572,56.86476982609876,5.030554623499756e-06,1.299507065682887e-07
7,0.44313729,56.58027660569932,5.119485070842903e-06,1.276136280970389e-07
7,0.44705886,55.86794610174393,5.20890979055217e-06,1.293852640862274e-07
7,0.45098042,54.99993871533053,5.302834440207071e-06,1.209492324690115e-07
7,0.45490199,54.16440374721697,5.376593530295164e-06,1.155062554815992e-07
7,0.45882356,56.05156373576354,5.453828366964283e-06,1.198507840839933e-07
7,0.46274513,53.01339361986646,5.512287835510576e-06,1.123259382407074e-07
7,0.4666667,55.72758752481852,5.570305951153541e-06,1.023794699849727e-07
7,0.47058827,55.18011908213993,5.631124204625482e-06,9.976412906416645e-08
7,0.47450984,57.59834334734345,5.685251338178263e-06,9.80575957811325e-08
7,0.4784314,55.50501493585018,5.747878665906967e-06,1.017416026584061e-07
7,0.48235297,58.52436833458187,5.789073705972129e-06,1.000795327174706e-07
7,0.48627454,57.99370735077301,5.836197498785224e-06,9.324091387853773e-08
7,0.49019611,54.67513272880752,5.870241454548384e-06,8.276329664174807e-08
7,0.49411768,58.41251775305001,5.907696549167377e-06,7.87863105861614e-08
7,0.49803925,54.28218475506389,5.942991764056003e-06,7.988797894392095e-08
7,0.50196075,58.15828973426896,5.971849594401893e-06,7.38449371438222e-08
7,0.50588232,54.7818568872911,5.999905666650016e-06,7.620978138228625e-08
7,0.50980389,55.44296895554555,6.013761401887555e-06,8.014624013030259e-08
7,0.51372546,54.70463406890969,6.040664367164767e-06,6.127360254463542e-08
7,0.51764703,54.11429211965449,6.068551887948546e-06,7.857713634338167e-08
7,0.5215686,52.53740997610272,6.074200241663424e-06,7.084302339496135e-08
7,0.52549016,57.74358289804499,6.120594103748928e-06,8.797375259796933e-08
7,0.52941173,53.54794915982784,6.097262357427168e-06,7.349747078416596e-08
7,0.5333333,65.74202927246009,6.118378898761941e-06,8.202577648099726e-08
7,0.53725487,69.16861519709592,6.153608687594436e-06,1.008005645568581e-07
7,0.54117644,57.9820491408079,6.119853031453586e-06,8.334190285931014e-08
7,0.54509801,60.90382397131055,6.100856868518679e-06,7.479885238975275e-08
7,0.54901958,54.75196872847103,6.076322730409817e-06,6.729786010777754e-08
7,0.55294114,55.08514692924369,6.049935504970448e-06,6.318873184848701e-08
7,0.55686271,53.94255858349189,6.032832097717854e-06,7.246501060284475e-08
7,0.56078428,54.88188020340411,6.012698919601659e-06,7.552837861481713e-08
7,0.56470585,54.36446789895067,5.99571371959374e-06,7.439665261505696e-08
7,0.56862742,55.62742168232517,5.963285545368165e-06,7.978401550545202e-08
7,0.57254899,55.7325941649774,5.933490856750263e-06,8.356474791305423e-08
7,0.57647055,54.1375548855275,5.909669488277086e-06,8.595288270073704e-08
7,0.58039212,54.12697854776457,5.867495380399278e-06,8.514820386486451e-08
7,0.58431369,55.65205351388377,5.83440779187441e-06,8.905739733243798e-08
7,0.58823526,54.89256089926561,5.786120979381388e-06,9.089430168593337e-08
7,0.59215683,54.84532965601196,5.741254756828882e-06,9.852485866315904e-08
7,0.5960784,59.90393492749068,5.688285228771207e-06,9.353894775393759e-08
7,0.59999996,53.5638908758003,5.627858829188579e-06,8.015868827763942e-08
7,0.60392153,58.87421459212159,5.563588378736357e-06,9.426131664099467e-08
7,0.6078431,54.93405340747456,5.499704724359851e-06,9.055652590572339e-08
7,0.61176467,57.74331040087966,5.433011112359393e-06,8.974186592351523e-08
7,0.61568624,57.79163776265482,5.363379309285467e-06,8.981267419495506e-08
7,0.61960781,57.68254816089863,5.287151718495966e-06,8.985736503405973e-08
7,0.62352937,55.96191181224687,5.206404684525812e-06,8.673662456671869e-08
7,0.62745094,56.49213083854209,5.125690130944966e-06,9.194922047700209e-08
7,0.63137257,56.02097416411926,5.042378074544274e-06,8.736545642292488e-08
7,0.63529408,54.08231151566432,4.951870999378406e-06,8.164410261273041e-08
7,0.63921571,55.70742436589285,4.85723366934265e-06,7.897799825870743e-08
7,0.64313722,58.42027667640156,4.764956812703683e-06,8.541225764850604e-08
7,0.64705884,55.10435898491581,4.661753759242658e-06,8.065516580842751e-08
7,0.65098035,56.42535981696181,4.554787917244884e-06,7.788071442494285e-08
7,0.65490198,57.70133434073036,4.450602026302303e-06,7.846744745752535e-08
7,0.65882349,54.31922360017064,4.344838567698466e-06,7.265430112745185e-08
7,0.66274512,58.72351286008093,4.233352546301591e-06,8.024619401914206e-08
7,0.66666663,59.45127761688745,4.119032804445673e-06,7.393144753294507e-08
7,0.67058825,56.27479146421157,4.004187646042689e-06,7.317455485469753e-08
7,0.67450976,58.69665252138496,3.883356429576045e-06,6.7587043493623e-08
7,0.67843139,56.50265594165334,3.762355393413138e-06,6.991065284688782e-08
7,0.6823529,53.58143215562819,3.641437319836297e-06,6.280322275974585e-08
7,0.68627453,55.24985495147605,3.515014627683364e-06,5.923567133674609e-08
7,0.69019604,51.68718156034934,3.389985476618486e-06,5.828108751952749e-08
7,0.69411767,54.42454536541714,3.262112607713394e-06,6.019548750792546e-08
7,0.69803917,51.69330899323811,3.128160707558052e-06,5.389781531956495e-08
7,0.7019608,51.42628166925186,2.996256713672899e-06,5.504563553084853e-08
7,0.70588231,56.03743586852243,2.862581371404681e-06,5.07104589117708e-08
7,0.70980394,55.79438927697566,2.729848732710417e-06,5.019036040366993e-08
7,0.71372545,53.44206369437174,2.592716091208827e-06,4.594735770547682e-08
7,0.71764708,53.22818839038442,2.458028260175985e-06,4.295909620832437e-08
7,0.72156858,52.62820274906316,2.322602647385865e-06,4.064923415190626e-08
7,0.72549021,53.39728174464879,2.18442478155103e-06,3.823924312128306e-08
7,0.72941172,54.3933490159955,2.046999751383677e-06,3.57410491524229e-08
7,0.73333335,54.4157068523989,1.909434036470561e-06,3.318822643488119e-08
7,0.73725486,57.76400772017588,1.771661973063722e-06,3.055778354575308e-08
7,0.74117649,56.56649924166677,1.635714199014662e-06,2.917018496808518e-08
7,0.74509799,53.74572940771155,1.49997609256209e-06,2.649463167509935e-08
7,0.74901962,53.78752196121689,1.368356623726579e-06,2.47192716987154e-08
7,0.75294113,58.04893057795038,1.237387242461992e-06,2.177826366455962e-08
7,0.75686276,53.52024502674254,1.109096233617456e-06,2.038769160002028e-08
7,0.76078427,54.95669415728717,9.854701464867975e-07,1.782745132784148e-08
7,0.7647059,55.30381220960875,8.656025068158999e-07,1.562072932148046e-08
7,0.76862741,55.65223388551212,7.517274967788296e-07,1.347296409909424e-08
7,0.77254903,54.50273659412377,6.431678784081299e-07,1.169766120376495e-08
7,0.77647054,59.14022202755489,5.416244464042792e-07,9.719259217457985e-09
7,0.78039217,55.6046147938385,4.471176596635768e-07,8.649793269548596e-09
7,0.78431368,54.33729968505713,3.612436553951834e-07,6.874857187564401e-09
7,0.78823531,58,2.8425483874925e-07,5.581018321039165e-09
7,0.79215682,58,2.1690968155565e-07,4.38424666754673e-09
7,0.79607844,61,1.594223440176e-07,3.332443882164119e-09
7,0.79999995,70,1.12063590090225e-07,2.493390690997793e-09
7,0.80392158,55,7.46143588560175e-08,1.771494831701148e-09
7,0.80784309,60,4.64181922372275e-08,1.166221401639365e-09
7,0.81176472,56,2.64100869960825e-08,7.10723216507763e-10
7,0.81568629,64,1.312885389212e-08,4.337655010602489e-10
7,0.81960785,68,4.8546825948335e-09,3.022271311807522e-10
7,0.82352942,74.00000004037263,-6.160499585959709e-09,7.115595832317135e-09
7,0.82745099,74.00000010747945,-7.582927624615883e-09,8.832229559861277e-09
7,0.83137256,68.00000001468527,-6.074092083386022e-09,8.378214705278787e-09
7,0.83529413,60.99999997936901,-6.55192121463832e-09,1.249635776634509e-08
7,0.8392157,72.00000025528756,-7.555869246599664e-09,9.98775271664844e-09
7,0.84313726,61.99999994908053,-6.400760702305568e-09,1.168289990373137e-08
7,0.84705883,65.99999987423088,-8.023651795927113e-09,1.368708723450983e-08
7,0.8509804,65.00000002249161,-6.626886674583647e-09,1.083664408748329e-08
7,0.85490197,68.99999984304714,-6.495961563688627e-09,8.995034671755246e-09
7,0.85882354,63.00000003067652,-6.956914274571335e-09,1.248366545410451e-08
7,0.86274511,74.9999999608862,-7.596701244237914e-09,9.063965263477519e-09
7,0.86666667,75.99999991294946,-7.46934377992349e-09,8.495747594600179e-09
7,0.87058824,61.9999997460642,-6.303094506122478e-09,1.152258576820218e-08
7,0.87450981,64.99999997681829,-5.865172116805453e-09,9.359020771324445e-09
7,0.87843138,63.00000009829485,-6.745663011707598e-09,1.200852610581155e-08
7,0.88235295,72.99999998683457,-6.842868028552312e-09,8.257102262065784e-09
7,0.88627452,69.99999994413912,-7.735395029066124e-09,1.114019974295689e-08
7,0.89019608,60.9999999688043,-5.595183118147312e-09,1.059798642785498e-08
7,0.89411765,71.99999979015132,-7.266762268419971e-09,9.454793459743214e-09
7,0.89803922,66.99999975420056,-5.939503149577796e-09,8.712587536211981e-09
7,0.90196079,71.00000007198122,-7.688025929978297e-09,1.068746032605346e-08
7,0.90588236,76.00000001717179,-7.541712461959888e-09,8.671077166159269e-09
7,0.90980393,59.99999997525219,-5.332105747657755e-09,1.057485087574373e-08
7,0.9137255,57.99999989830636,-4.636904298599209e-09,1.025685582330187e-08
7,0.91764706,76.0000000936665,-7.815062176812057e-09,9.234038601729525e-09
7,0.92156863,71.00000001804503,-6.778869357332876e-09,8.8181020570631e-09
7,0.9254902,64.99999995137144,-6.816790788829154e-09,1.12406365776505e-08
7,0.92941177,62,-1.714036860934602e-10,2.536527740722986e-10
7,0.93333334,68.99999989995831,-7.407691067458956e-09,1.091182895762511e-08
7,0.93725491,71.99999997034,-7.120333178614262e-09,9.143946298146503e-09
7,0.94117647,60.99999995244195,-5.53907717163442e-09,1.044343750510759e-08
7,0.94509804,66.00000010447907,-7.422015569864321e-09,1.208865673970145e-08
7,0.94901961,62.99999998960005,-5.641423324949399e-09,9.788512718756171e-09
7,0.95294118,72.00000003650295,-6.358218648851432e-09,7.767205967476243e-09
7,0.95686275,64.0000000774682,-7.206581406512212e-09,1.261663710454645e-08
7,0.96078432,73.00000010813375,-8.219413367657091e-09,1.120080284875303e-08
7,0.96470588,67.99999989529073,-6.447822444657398e-09,9.268800349367746e-09
7,0.96862745,60.99999969792354,-5.200692415980069e-09,9.842829179632328e-09
7,0.97254902,74.99999995872317,-6.999762293645081e-09,7.999817367504544e-09
7,0.97647059,57.00000006861074,-5.253617446273655e-09,1.19467314099967e-08
7,0.98039216,70.99999986727987,-7.54758079874543e-09,1.037067475607522e-08
7,0.98431373,70.00000007872457,-6.774730438073526e-09,9.166400768267411e-09
7,0.98823529,70.99999996719554,-6.516509389033816e-09,8.377599675656012e-09
7,0.99215686,80.00000008445853,-6.932012962125553e-09,6.550338940105776e-09
7,0.99607843,65.9999998150841,-5.534198500425842e-09,8.344975986719619e-09
7,1,75.99999995521517,-7.518431181166576e-09,8.629166689070013e-09
8,0,60,-8.520068186322067e-10,1.595771961598952e-09
8,0.0039215689,59.99999987243893,-4.584525923505731e-09,9.227324989235235e-09
8,0.0078431377,61.0000000424145,-5.627853167855732e-09,1.065553971947596e-08
8,0.011764707,66.99999987651192,-6.242755829103916e-09,9.273991957255111e-09
8,0.015686275,64.99999991084876,-5.914141913528252e-09,9.48739328407542e-09
8,0.019607844,66.99999994108187,-5.451469478968105e-09,7.96537114526354e-09
8,0.023529414,66,-1.38656731645828e-10,2.352154918473814e-10
8,0.027450982,69.99999990900831,-7.607252764036934e-09,1.092903233298562e-08
8,0.031372551,66.00000010663054,-5.61825335531563e-09,8.523670948763717e-09
8,0.035294119,55.00000015616836,-4.188836024289035e-09,1.105930667379301e-08
8,0.039215688,77.00000002104538,-7.749284156187075e-09,8.906005497657673e-09
8,0.043137256,58,-1.44649870645169e-10,2.393230110661995e-10
8,0.047058828,74.00000004823082,-7.046971044474644e-09,8.362783322295335e-09
8,0.050980397,58.99999998968568,-5.664084787322932e-09,1.176162661207583e-08
8,0.054901965,71.99999990112431,-7.047396859534483e-09,9.068039769350381e-09
8,0.058823533,67.00000009020248,-6.055776540806029e-09,9.00552126233367e-09
8,0.062745102,62,-1.46523591339097e-10,2.331519242806891e-10
8,0.06666667,83.00000007885632,-8.37685103819622e-09,8.379997278223352e-09
8,0.070588239,59.00000009190146,-5.309101041584344e-09,1.104120436871011e-08
8,0.074509807,58.00000021078503,-4.311566622622746e-09,9.709813156912743e-09
8,0.078431375,63.99999994675697,-6.00558207725765e-09,1.010938822519511e-08
8,0.082352944,72,-1.475454545050518e-10,2.339184937856686e-10
8,0.086274512,78.99999994638407,-7.476838031926989e-09,7.713304613554165e-09
8,0.090196081,61,-1.535260184341747e-10,2.288813654186626e-10
8,0.094117656,71.0000001783785,-6.443004080203171e-09,8.290067787178335e-09
8,0.098039225,64.99999977034386,-5.715196723671147e-09,9.154890530813829e-09
8,0.10196079,62,-1.47990122894928e-10,2.369970942679768e-10
8,0.10588236,67.00000009153699,-5.893976755526496e-09,8.645643932070883e-09
8,0.10980393,64.00000009070901,-6.284906307913036e-09,1.062026587559654e-08
8,0.1137255,67.00000005216343,-6.797475104103352e-09,1.046457698593166e-08
8,0.11764707,65.99999970232759,-5.150864079201991e-09,7.8292494894134e-09
8,0.12156864,62.99999995556452,-6.608180703274145e-09,1.1777993767831e-08
8,0.1254902,68.99999996315708,-5.790954032332738e-09,7.744315299559162e-09
8,0.12941177,64.0000000650043,-5.651787214573169e-09,9.392349136009671e-09
8,0.13333334,76.99999993427595,-6.840532493128702e-09,7.176533691462198e-09
8,0.13725491,61.99999990005686,-5.206828341230185e-09,9.484102904885811e-09
8,0.14117648,58.20732212349075,2.097910797971488e-07,3.308119543510972e-08
8,0.14509805,55.42761699580479,2.058217701582402e-07,4.212931654488694e-08
8,0.14901961,53.41623341448861,2.018947914710238e-07,4.319686243639285e-08
8,0.15294118,54.66497696664224,1.954242453532309e-07,3.987298507616455e-08
8,0.15686275,60.85572943049897,1.890625066111381e-07,3.438927105297385e-08
8,0.16078432,63.61831100303086,1.862379264389144e-07,2.875738242140201e-08
8,0.16470589,58.01924116599561,1.831193479823339e-07,2.210897544526529e-08
8,0.16862746,54.40658834240893,1.719135817104828e-07,2.31599094177827e-08
8,0.17254902,60.11177947445967,1.682663807498867e-07,1.87368779250933e-08
8,0.17647059,54.31277124336481,1.594313974602899e-07,2.056587178550314e-08
8,0.18039216,55.63930775941182,1.578700688248346e-07,1.872682360311741e-08
8,0.18431373,58.10467233182661,1.528378617778329e-07,2.070608985110096e-08
8,0.18823531,62.83969257767535,1.543557198456016e-07,1.671599900550989e-08
8,0.19215688,57.61090586177266,1.490378961247308e-07,2.138883863803555e-08
8,0.19607845,61.89241032513406,1.510640699616042e-07,1.81392871333632e-08
8,0.20000002,56.44809978215685,1.565060865655302e-07,1.727822402725145e-08
8,0.20392159,60.87969374526199,1.611357704492509e-07,1.64540427218719e-08
8,0.20784315,62.79121588769428,1.653468686445634e-07,1.769306139068215e-08
8,0.21176472,58.32057150846511,1.723718831189127e-07,1.701129897625386e-08
8,0.21568629,58.66747013836582,1.793345070607961e-07,1.724470347832145e-08
8,0.21960786,59.52725149122941,1.883144510915549e-07,1.646704221536954e-08
8,0.22352943,55.66700002511065,1.97367071954582e-07,1.750445566122503e-08
8,0.227451,53.98637294878979,2.094786863634008e-07,1.822900368388744e-08
8,0.23137257,57.16212416084141,2.220180913338322e-07,1.865577073544828e-08
8,0.23529413,57.1534388354179,2.38419270656009e-07,1.661913807321583e-08
8,0.2392157,54.21845585630661,2.544320940611593e-07,1.757010878858621e-08
8,0.24313727,57.08967273962131,2.729445671664691e-07,1.776704610376428e-08
8,0.24705884,56.14254560688082,2.934849392286678e-07,1.79303026095735e-08
8,0.25098041,56.53529617319652,3.150204749686794e-07,1.834074539984051e-08
8,0.25490198,53.78791709802357,3.386557870093235e-07,1.901977428254206e-08
8,0.25882354,56.28084869121423,3.65482496185448e-07,1.994827309362851e-08
8,0.26274511,53.71506331309501,3.947749626638733e-07,2.114735363421489e-08
8,0.26666668,58.19896957137042,4.249745747427272e-07,2.213506610395994e-08
8,0.27058825,56.67632738669325,4.572451633083031e-07,2.274138522417508e-08
8,0.27450982,55.67391723060046,4.943533472523853e-07,2.41386915452668e-08
8,0.27843139,55.32505141419395,5.325515623918444e-07,2.325518340197467e-08
8,0.28235295,56.197509543458,5.707551244680374e-07,2.403937008541281e-08
8,0.28627452,58.61169641674122,6.138920257251421e-07,2.723482862764009e-08
8,0.29019609,60.55555693562464,6.599111085486193e-07,2.795932419616049e-08
8,0.29411766,53.95223697527008,7.03538473346343e-07,2.991522705070355e-08
8,0.29803923,56.10377708912944,7.545355534517666e-07,2.928187694524626e-08
8,0.3019608,58.52113455651769,8.073349051908886e-07,3.201508251963853e-08
8,0.30588236,58.87001606617324,8.654694568811069e-07,3.364700623749382e-08
8,0.30980393,58.53351306396673,9.261474056102712e-07,3.671118357785916e-08
8,0.3137255,58.36206771884956,9.896874927926049e-07,3.563713219963432e-08
8,0.31764707,58.67504421513117,1.057765069996567e-06,3.928045980970683e-08
8,0.32156864,57.84047669428635,1.129872448139247e-06,4.320893082909629e-08
8,0.32549021,57.59967393824232,1.204609195328727e-06,4.173273451426591e-08
8,0.32941177,59.04711673557662,1.285952183805791e-06,4.330322600069329e-08
8,0.33333334,56.25189439832356,1.370557100906121e-06,4.439529257342713e-08
8,0.33725491,55.26115599605831,1.458328624725123e-06,4.687906778496279e-08
8,0.34117648,58.75445170781529,1.550876119201346e-06,4.869028809158631e-08
8,0.34509805,59.58895973169068,1.644712399681405e-06,4.848435230658516e-08
8,0.34901962,52.38119282966798,1.74354883899306e-06,4.818011943638234e-08
8,0.35294119,56.56570779285052,1.847490624435828e-06,5.259901086033924e-08
8,0.35686275,58.26035447807421,1.956841052046087e-06,5.408744329355604e-08
8,0.36078432,58.12718291587522,2.062972874609993e-06,5.914192441780243e-08
8,0.36470589,58.20236692340034,2.175878985962042e-06,5.754391305128783e-08
8,0.36862746,59.52514297927982,2.292639264092679e-06,6.193289563561356e-08
8,0.37254903,54.86947492534481,2.416898973898802e-06,6.567352090623368e-08
8,0.37647063,53.45035704604005,2.531992851386652e-06,5.921652001192039e-08
8,0.38039219,53.69728499316507,2.660352231236272e-06,6.906713902305442e-08
8,0.38431376,54.69335831404034,2.783101847941586e-06,7.527158919792136e-08
8,0.38823533,59.40671871623679,2.910929589423284e-06,7.552757995439495e-08
8,0.3921569,54.79807748349702,3.038330081430956e-06,8.173869157848755e-08
8,0.39607847,57.33370486834738,3.172425331257911e-06,8.653447829150798e-08
8,0.40000004,56.7718397767779,3.295800355535937e-06,8.793914793727264e-08
8,0.4039216,55.15517915472245,3.434561894652806e-06,8.999951505488501e-08
8,0.40784317,58.35941446656517,3.562204758935708e-06,8.928916737945404e-08
8,0.41176474,56.38446817458362,3.692077360338691e-06,9.135800713313074e-08
8,0.41568631,57.70092445172039,3.817308554158589e-06,8.959634754132501e-08
8,0.41960788,56.12735781587217,3.94588820235195e-06,9.432652284005143e-08
8,0.42352945,56.09777887835644,4.068409945349808e-06,1.066076921089988e-07
8,0.42745101,58.440265506712,4.195614837206209e-06,9.797743148385184e-08
8,0.43137258,56.21349043845505,4.323332399464322e-06,9.81190631809411e-08
8,0.43529415,56.46580473477249,4.449177736445411e-06,1.005722362993376e-07
8,0.43921572,56.83337436101343,4.56662870948375e-06,1.041519414525547e-07
8,0.44313729,56.04006287961341,4.683142768161663e-06,9.975288388940227e-08
8,0.44705886,57.75311617542941,4.777835667361931e-06,1.011874822610391e-07
8,0.45098042,57.21092668500383,4.883377014939966e-06,1.020844410477664e-07
8,0.45490199,57.04406499594555,4.992016989205748e-06,1.074512174237821e-07
8,0.45882356,56.98595508878174,5.078576941096885e-06,1.045635244205084e-07
8,0.46274513,56.02209710558205,5.169820598383626e-06,9.455817627634562e-08
8,0.4666667,57.18227066469891,5.254414352949887e-06,9.671189024977739e-08
8,0.47058827,55.66342596776162,5.337059625195786e-06,9.856880100647005e-08
8,0.47450984,53.97589055146057,5.409752599844798e-06,9.210235374256961e-08
8,0.4784314,55.33752759854707,5.484584745256607e-06,9.151699504905161e-08
8,0.48235297,57.44091515986958,5.546144987958348e-06,9.169248651038733e-08
8,0.48627454,59.74896708960284,5.600465456575854e-06,8.776257979635487e-08
8,0.49019611,56.48332291520346,5.666501849889049e-06,8.617330364341461e-08
8,0.49411768,57.23326411327464,5.714586883461716e-06,8.280536761950662e-08
8,0.49803925,59.89656657013253,5.758513611411903e-06,8.980028953967855e-08
8,0.50196075,55.20677187161807,5.814211994129029e-06,8.421487397353359e-08
8,0.50588232,56.58813088155358,5.859973209391909e-06,8.072142763083815e-08
8,0.50980389,54.51379267852217,5.893680568853837e-06,7.717022278458622e-08
8,0.51372546,55.36116299192889,5.925051468575232e-06,7.255572038498441e-08
8,0.51764703,56.64622312750141,5.957503790178623e-06,7.844320641507346e-08
8,0.5215686,56.21478777213046,5.989027800625201e-06,7.324040378409237e-08
8,0.52549016,50.44707755100331,6.007770622544567e-06,6.941480959364913e-08
8,0.52941173,54.11769027398029,6.036727158688566e-06,6.818933788924634e-08
8,0.5333333,57.26496145309062,6.05567948759409e-06,7.312790693960315e-08
8,0.53725487,58.65218783471732,6.099222904388487e-06,9.076650903814436e-08
8,0.54117644,56.43344135562541,6.077305361654671e-06,6.329266787400437e-08
8,0.54509801,61.27393177329473,6.126967718638814e-06,8.453784342537866e-08
8,0.54901958,58.66290188001398,6.106240506775456e-06,6.60364304616318e-08
8,0.55294114,66.15066480665955,6.130553012844375e-06,8.540494332914304e-08
8,0.55686271,67.13000568580227,6.120158121505989e-06,7.906962507315262e-08
8,0.56078428,57.96265491006266,6.094901473634587e-06,6.894209195533472e-08
8,0.56470585,55.74330660490973,6.087250430678148e-06,7.373172821487097e-08
8,0.56862742,55.23540009692251,6.065051989844582e-06,6.538536237502932e-08
8,0.57254899,53.80086949441851,6.045474906948584e-06,6.663548228859922e-08
8,0.57647055,56.11430234086951,6.022706902212715e-06,6.516141945208697e-08
8,0.58039212,55.02621506047815,5.998312733328323e-06,6.548334468305253e-08
8,0.58431369,57.82500683913702,5.978999283567804e-06,6.47604600107301e-08
8,0.58823526,60.2053880288193,5.947448802217298e-06,7.363883667706397e-08
8,0.59215683,56.99041687501011,5.920194428459554e-06,7.309765055339103e-08
8,0.5960784,57.29727370136433,5.879386811742797e-06,7.123256050512599e-08
8,0.59999996,57.51365135936692,5.834066075665873e-06,6.827843023454862e-08
8,0.60392153,54.8295967173467,5.786543527461472e-06,7.387761909995573e-08
8,0.6078431,56.9151102874903,5.738848873084497e-06,7.557640949975594e-08
8,0.61176467,56.16812599423064,5.683905967780703e-06,7.45399780671178e-08
8,0.61568624,57.9637597752778,5.630235235057386e-06,7.733705245754716e-08
8,0.61960781,55.44227373864541,5.571567641380038e-06,8.165817767334663e-08
8,0.62352937,57.60338867618581,5.513757631571334e-06,8.23969911335313e-08
8,0.62745094,57.91355987711663,5.445354051586723e-06,7.600943955216885e-08
8,0.63137257,54.37939601087959,5.365706049439228e-06,6.759291212831444e-08
8,0.63529408,55.81747180238,5.285551894145475e-06,7.143052058187703e-08
8,0.63921571,56.35196817602757,5.210089092287035e-06,7.0222086473271e-08
8,0.64313722,56.19310869046044,5.128959667794079e-06,7.184524604201064e-08
8,0.64705884,54.03087576000016,5.039488494311838e-06,6.924448710818912e-08
8,0.65098035,58.92916858973312,4.95432874718729e-06,6.849502957489155e-08
8,0.65490198,56.71334578215927,4.863198517916877e-06,6.666996180287977e-08
8,0.65882349,59.05968102938343,4.77130982362995e-06,7.439536868038001e-08
8,0.66274512,58.23546900616765,4.674268808406894e-06,7.411155702973184e-08
8,0.66666663,56.48754716919831,4.576964959106752e-06,7.372044586895649e-08
8,0.67058825,57.22605568143988,4.475516419770498e-06,7.065370423000236e-08
8,0.67450976,52.33548905103329,4.37158666389218e-06,6.611856187440314e-08
8,0.67843139,53.91911965148843,4.264839672642005e-06,6.313605000563182e-08
8,0.6823529,52.67044475473537,4.151672318576264e-06,6.751979223665721e-08
8,0.68627453,53.46555248940653,4.039231814437071e-06,6.15735852582472e-08
8,0.69019604,54.18541456230148,3.925079116784077e-06,6.200229566768977e-08
8,0.69411767,52.14706567014453,3.807285273014783e-06,6.097937255059401e-08
8,0.69803917,55.90389481186276,3.685149008611519e-06,6.06735853856677e-08
8,0.7019608,56.54377040818589,3.565689582295942e-06,5.753757385200675e-08
8,0.70588231,57.01445814504372,3.440447755523975e-06,5.761995249182161e-08
8,0.70980394,54.34271180939884,3.317337816499169e-06,5.600370981563598e-08
8,0.71372545,57.17377955464557,3.187867676929089e-06,5.474627943459811e-08
8,0.71764708,56.68855543827471,3.056605296885056e-06,5.165728595582271e-08
8,0.72156858,54.84920252775647,2.925013384214887e-06,4.775591794055486e-08
8,0.72549021,59.61351611922164,2.795139623458547e-06,4.638412869064982e-08
8,0.72941172,55.99647126696343,2.662118809842785e-06,4.588393301774128e-08
8,0.73333335,58.25369727917666,2.526945614131587e-06,4.420433630549818e-08
8,0.73725486,56.83168056588661,2.394648682679663e-06,4.151658010278234e-08
8,0.74117649,55.97875380592609,2.258959705933386e-06,4.13863439120402e-08
8,0.74509799,55.77191105492974,2.123339840638097e-06,3.765268992817488e-08
8,0.74901962,61.12622613667092,1.98664939325308e-06,3.811600306927736e-08
8,0.75294113,58.18000068690653,1.849923394873616e-06,3.614190516090144e-08
8,0.75686276,56.15556211009815,1.714576536348005e-06,3.504548498060091e-08
8,0.76078427,55.30309345796456,1.579930372332543e-06,3.245293121348322e-08
8,0.7647059,59.79013828872461,1.448142008670493e-06,3.301223232421722e-08
8,0.76862741,61.12025375383221,1.317690097760188e-06,3.142968094602193e-08
8,0.77254903,60.24827682340506,1.189864560862404e-06,3.118816374367392e-08
8,0.77647054,55.57556564429489,1.065100415371988e-06,2.996612304703078e-08
8,0.78039217,55.19888314235539,9.436906908244027e-07,2.801100512137751e-08
8,0.78431368,61.45362284189534,8.268185282438976e-07,2.745962257466149e-08
8,0.78823531,60.74675794000669,7.168598582135667e-07,2.602146432681937e-08
8,0.79215682,62.17098604057403,6.113465433175597e-07,2.465367678373492e-08
8,0.79607844,60.05290238550712,5.13419621823958e-07,2.197895919884193e-08
8,0.79999995,56.11184602739708,4.228497218768616e-07,2.023720270730063e-08
8,0.80392158,56.5913949353524,3.408623778133765e-07,1.865619551515711e-08
8,0.80784309,60.57057226749206,2.677035387860555e-07,1.40962447310128e-08
8,0.81176472,59.03537629840076,2.040337831669762e-07,1.148494913598297e-08
8,0.81568629,57.04450700692683,1.497793059219087e-07,1.15752523933362e-08
8,0.81960785,71,1.051355545485425e-07,4.998591906938094e-09
8,0.82352942,65,6.990346107063001e-08,3.505680869500276e-09
8,0.82745099,79,4.3477913317755e-08,2.273291458211862e-09
8,0.83137256,70,2.47144913090525e-08,1.347739548305649e-09
8,0.83529413,67,1.225295424374e-08,7.122941763885947e-10
8,0.8392157,64,4.51874118293225e-09,3.48649295771651e-10
8,0.84313726,69.99999997928349,6.397272394609438e-09,8.751800380542974e-09
8,0.84705883,70.99999993526156,-6.701485070319505e-09,8.271833510732577e-09
8,0.8509804,68.0000000382543,-6.097373191097495e-09,8.446559451219725e-09
8,0.85490197,65.00000003814394,-6.85541571149025e-09,1.119186739064958e-08
8,0.85882354,75.9999998784677,-8.164418417202697e-09,9.868738878340997e-09
8,0.86274511,65,-1.76497643850636e-10,2.397498609400639e-10
8,0.86666667,64.00000005248485,-5.764057616732763e-09,9.585650303595521e-09
8,0.87058824,67.00000000371311,-5.245771656347609e-09,7.520919380202854e-09
8,0.87450981,75.00000011063,-4.95034891094478e-09,5.025952392441142e-09
8,0.87843138,66.00000001309759,-5.780068425952964e-09,8.757442245083989e-09
8,0.88235295,65.99999993166938,-6.892984312091489e-09,1.104775492057097e-08
8,0.88627452,62.00000001144014,-6.752264812377163e-09,1.258512148476046e-08
8,0.89019608,60,-1.651834402618608e-10,2.378061006065253e-10
8,0.89411765,73.99999988047306,-7.03159170143536e-09,8.310713290723011e-09
8,0.89803922,66,-1.761596714155332e-10,2.350242215113073e-10
8,0.90196079,65.0000002293274,-5.852937952578089e-09,9.353388102989787e-09
8,0.90588236,62.99999969219337,-6.116929940792056e-09,1.075168828533945e-08
8,0.90980393,71.00000013967623,-5.016536193693714e-09,5.986580541299693e-09
8,0.9137255,63.00000005173413,-5.47064441305773e-09,9.442690027716825e-09
8,0.91764706,58.00000043531743,-4.144382743527619e-09,9.339911367828456e-09
8,0.92156863,64.99999998807725,-5.010138668055595e-09,7.893250192250863e-09
8,0.9254902,66.99999998947497,-6.176562241758622e-09,9.190112811623134e-09
8,0.92941177,56.99999941606,-8.02044133487008e-09,9.262261380885187e-09
8,0.93333334,68.0000001203981,-5.688973846085882e-09,7.91125404644201e-09
8,0.93725491,63,-1.640404535866247e-10,2.331049399006391e-10
8,0.94117647,63.00000002452226,-6.103499924152606e-09,1.071561180243073e-08
8,0.94509804,73.99999999623554,-6.401547425604019e-09,7.245878550873586e-09
8,0.94901961,58.00000006088902,-5.298560764179627e-09,1.152019332610674e-08
8,0.95294118,63.00000019964344,-5.158781196234895e-09,8.882174386834094e-09
8,0.95686275,65.99999985015009,-5.59217458661371e-09,8.455543894622687e-09
8,0.96078432,75.99999980896619,-6.645471995103457e-09,7.129215770560801e-09
8,0.96470588,74.99999993099257,-6.701549091028999e-09,7.483943734705234e-09
8,0.96862745,58.99999994567862,-5.479481689077683e-09,1.135332996128711e-08
8,0.97254902,68.00000004162962,-6.639157024179826e-09,9.647415464536949e-09
8,0.97647059,61,-1.58781818923715e-10,2.306234680766131e-10
8,0.98039216,69.99999996422935,-6.317566997435613e-09,8.387090668784973e-09
8,0.98431373,69.9999999297933,-6.942344747180476e-09,9.563061067098877e-09
8,0.98823529,63.00000017850235,-5.703349105647345e-09,9.893140157961475e-09
8,0.99215686,66.99999974183675,-5.939604000464053e-09,8.719429330788996e-09
8,0.99607843,59,-1.555493106387563e-10,2.331352252240149e-10
8,1,76.9999999322642,-6.957757740855738e-09,7.371980056030804e-09
9,0,64,-7.208907530763335e-10,1.279915327297993e-09
9,0.0039215689,59.00000019161982,-4.84129951685403e-09,1.013165705698831e-08
9,0.0078431377,74.00000003916389,-7.015224235785981e-09,8.298789893927577e-09
9,0.011764707,66.99999997146418,-6.498681626928041e-09,9.781624898701119e-09
9,0.015686275,54.93588485413783,-8.304733238004565e-09,1.026020965823184e-08
9,0.019607844,84.99999995175754,-9.660288894168758e-09,1.087873043243623e-08
9,0.023529414,67.99999980815137,-4.988446852083625e-09,6.78868219459605e-09
9,0.027450982,61.00000007772338,-6.650087062944491e-09,1.282422117128093e-08
9,0.031372551,60.99999986700673,-5.90723165279876e-09,1.124618660867871e-08
9,0.035294119,65.00000010462699,-6.186262757291354e-09,1.004379505415722e-08
9,0.039215688,70.0000001323148,-6.903506934299665e-09,9.469814388648485e-09
9,0.043137256,64,-1.439710315786518e-10,2.078021668458866e-10
9,0.047058828,69.99999988181189,-7.198162884504847e-09,1.005886811186577e-08
9,0.050980397,63.00000006125682,-5.80769961212379e-09,1.012425757039842e-08
9,0.054901965,61.99999983277218,-5.427853196568278e-09,9.869525019094459e-09
9,0.058823533,76.00000000228503,-8.122195400427174e-09,9.928366274032902e-09
9,0.062745102,66.00000009055577,-5.01943878506996e-09,7.509278602914479e-09
9,0.06666667,85.99999994249244,-8.582557281569122e-09,8.034809411083945e-09
9,0.070588239,63.99999995964585,-5.99408261107425e-09,1.004699252747837e-08
9,0.074509807,62.00000002849394,-5.953214136577563e-09,1.089863965823792e-08
9,0.078431375,79.00000002277825,-8.491892931462974e-09,9.826641108256039e-09
9,0.082352944,61.0000000458229,-4.673445175349188e-09,8.865066393313613e-09
9,0.086274512,70.99999994768402,-7.423455936401179e-09,1.013674242515221e-08
9,0.090196081,60.00000028929502,-4.871799514824744e-09,9.72037931006462e-09
9,0.094117656,67.00000034954491,-5.40447765288786e-09,7.871394041902007e-09
9,0.098039225,78.00000000846865,-9.230565514025685e-09,1.190761205374803e-08
9,0.10196079,65,-1.477142736542517e-10,2.097272244317556e-10
9,0.10588236,77.99999994431481,-9.23044904363409e-09,1.183275930083893e-08
9,0.10980393,61,-1.291594673903552e-10,2.077169798034247e-10
9,0.1137255,60.99999993911098,-5.08058647545707e-09,9.673906819242302e-09
9,0.11764707,77.00000010351867,-8.329295874054998e-09,1.007867253522309e-08
9,0.12156864,66.99999999799505,-5.527159546399708e-09,7.973614164567305e-09
9,0.1254902,78.9999999786273,-8.730191739780468e-09,1.032604417877557e-08
9,0.12941177,57.00000022676786,-4.871074558002157e-09,1.123570297086898e-08
9,0.13333334,68.00000007516367,-6.986071481143367e-09,1.044486614133179e-08
9,0.13725491,65.00000004157441,-6.532496403559516e-09,1.075059077072462e-08
9,0.14117648,61.00000005980871,-5.123973193168931e-09,9.690817881387722e-09
9,0.14509805,90.00000001260611,-1.008982095937239e-08,1.054726634478614e-08
9,0.14901961,70.00000009200926,-6.026095042953068e-09,7.84628025878227e-09
9,0.15294118,72.00000026003723,-6.335540078858687e-09,7.774745937670977e-09
9,0.15686275,66.99999989194109,-5.370133200176753e-09,7.776594686084339e-09
9,0.16078432,57.58729052209538,1.999746850666801e-07,1.045490776589903e-08
9,0.16470589,58.71581522398903,2.025534330803333e-07,1.095581353923117e-08
9,0.16862746,57.33819077381924,1.99942486125794e-07,1.058426144660442e-08
9,0.17254902,58.78751634350301,1.952797971483535e-07,9.246258630544382e-09
9,0.17647059,53.78459375219598,1.888113410824497e-07,9.745391044714257e-09
9,0.18039216,55.59299148749982,1.820842340986212e-07,8.979105032038891e-09
9,0.18431373,55.04642714283878,1.752249280113988e-07,8.490546176342658e-09
9,0.18823531,56.74183470137127,1.685134924530008e-07,8.006336803813361e-09
9,0.19215688,55.86367030054047,1.621680520154981e-07,7.49515826110732e-09
9,0.19607845,55.69495486167389,1.579525747723768e-07,7.009829996654711e-09
9,0.20000002,57.50664178536387,1.544343809854642e-07,6.440863942236726e-09
9,0.20392159,56.21143667974115,1.515734826943027e-07,6.592226998256575e-09
9,0.20784315,55.82461738435986,1.510550116541923e-07,6.368725148060951e-09
9,0.21176472,56.57845339024918,1.520827388342641e-07,6.581250298760011e-09
9,0.21568629,54.14706694788149,1.5471142640504e-07,6.532868512028884e-09
9,0.21960786,52.82736173628202,1.582850038495577e-07,6.827845592511439e-09
9,0.22352943,55.53380891590764,1.629651538074074e-07,6.977999796999725e-09
9,0.227451,56.08891689504257,1.685404930158874e-07,7.129362657762502e-09
9,0.23137257,55.49629368009476,1.751653337399892e-07,7.452366696228277e-09
9,0.23529413,54.22554109319378,1.835387870075352e-07,7.58461967459716e-09
9,0.2392157,57.96866070493268,1.935035814533384e-07,8.510669098757341e-09
9,0.24313727,55.60361145487294,2.046864303113689e-07,8.133951197017901e-09
9,0.24705884,56,2.18004763016175e-07,8.280231006519443e-09
9,0.25098041,55.9975298720633,2.327297569160367e-07,8.571110404332196e-09
9,0.25490198,54.72082079001556,2.49124358311589e-07,8.94693581511566e-09
9,0.25882354,55.57118953890563,2.673370867129459e-07,9.534519796873791e-09
9,0.26274511,59.63144320560266,2.886364958940502e-07,1.02484436716039e-08
9,0.26666668,57.194112178422,3.106563892266496e-07,1.028226344954534e-08
9,0.27058825,56.7790401523423,3.355217762134428e-07,1.046502133378356e-08
9,0.27450982,56.18780653242963,3.61570232911347e-07,1.002506644855223e-08
9,0.27843139,58.3982878972647,3.906092276051018e-07,1.042403152366007e-08
9,0.28235295,60.76330875315398,4.216337228344307e-07,1.137515176290554e-08
9,0.28627452,56.67627925345163,4.554426833273459e-07,1.263923009362512e-08
9,0.29019609,55.81046580152419,4.90068631596607e-07,1.300456090912102e-08
9,0.29411766,55.8556200025203,5.287399548146658e-07,1.456636962509955e-08
9,0.29803923,58.53181827143149,5.693306039380441e-07,1.520725024502394e-08
9,0.3019608,56.66304209336023,6.10397232935855e-07,1.64646011655487e-08
9,0.30588236,55.38523427392418,6.556716887390945e-07,1.709229210602208e-08
9,0.30980393,56.48267990383063,7.015747168807682e-07,1.836842176036439e-08
9,0.3137255,54.44505734832759,7.518667516043564e-07,2.004247665454723e-08
9,0.31764707,58.34540462186637,8.057541633267322e-07,2.247861629718963e-08
9,0.32156864,56.27058894512594,8.597777988106778e-07,2.113936995460651e-08
9,0.32549021,58.45776831387182,9.230038460477691e-07,2.407088994529618e-08
9,0.32941177,56.88123249671551,9.866549663264612e-07,2.501034938807006e-08
9,0.33333334,55.94634571123819,1.052904760768284e-06,2.535436845924508e-08
9,0.33725491,56.39726636467059,1.126224707342561e-06,2.924068728429055e-08
9,0.34117648,57.88655807317152,1.203294048805126e-06,2.984854816200492e-08
9,0.34509805,55.45275672033632,1.282642922841709e-06,3.057073846178335e-08
9,0.34901962,57.84728491650216,1.367488889119471e-06,3.369372814478252e-08
9,0.35294119,55.09976475470506,1.451880161973817e-06,3.640785263042758e-08
9,0.35686275,54.7874810591453,1.545644502981768e-06,3.73246176782879e-08
9,0.36078432,55.0704631741221,1.642965263717817e-06,3.987495744607883e-08
9,0.36470589,59.00843772291154,1.742192970704796e-06,4.412901214877273e-08
9,0.36862746,56.22385021830018,1.847387164725516e-06,4.469993118715162e-08
9,0.37254903,55.97998918320759,1.955583563375641e-06,4.763587601263116e-08
9,0.37647063,55.29926329650908,2.070432272012193e-06,4.959102232518953e-08
9,0.38039219,56.00428295143696,2.182017739018219e-06,4.97979038623553e-08
9,0.38431376,56.03761129768757,2.301362334606803e-06,5.376345229997866e-08
9,0.38823533,56.16560217658132,2.421111281481254e-06,5.479414995421681e-08
9,0.3921569,55.81968253889023,2.542434522150564e-06,6.216825613280989e-08
9,0.39607847,57.45194704150304,2.666481298257941e-06,6.130287742287438e-08
9,0.40000004,58.30992207419462,2.793007111076987e-06,6.414577645416915e-08
9,0.4039216,52.93090998867284,2.918480011922676e-06,6.335033176098788e-08
9,0.40784317,55.80129744372131,3.048420499106188e-06,6.30299886094766e-08
9,0.41176474,57.45589560467676,3.172939278533886e-06,6.353922954630172e-08
9,0.41568631,57.24044843839953,3.300635439015386e-06,6.087586797408108e-08
9,0.41960788,55.03594882402998,3.418994508536739e-06,6.229918176322871e-08
9,0.42352945,59.18206948820203,3.548419409989436e-06,6.516948698799912e-08
9,0.42745101,56.72220947385171,3.671515190364902e-06,6.651802600593891e-08
9,0.43137258,54.94830913531747,3.786451715133836e-06,6.980222703426442e-08
9,0.43529415,53.60734664805816,3.905973824573445e-06,6.578748513903488e-08
9,0.43921572,54.53515201118337,4.026308206369732e-06,6.872416105066741e-08
9,0.44313729,61.10374209150677,4.148861920912579e-06,7.25749533149759e-08
9,0.44705886,54.03056087750291,4.25850356463424e-06,6.651542145120852e-08
9,0.45098042,54.76148821512896,4.368762004640932e-06,6.636505357522102e-08
9,0.45490199,60.89805636587889,4.478831732534492e-06,6.850084546585876e-08
9,0.45882356,54.82462762023847,4.588587018185007e-06,7.161494189048868e-08
9,0.46274513,56.10957357628443,4.69585374834893e-06,7.431540675568447e-08
9,0.4666667,54.69236941589347,4.799910965044011e-06,7.676838284598306e-08
9,0.47058827,57.81294276765821,4.893063580773872e-06,7.058948632096978e-08
9,0.47450984,52.33118703714855,4.992649055034161e-06,7.452115662421707e-08
9,0.4784314,54.488540882092,5.078807768886509e-06,7.382953452244676e-08
9,0.48235297,55.93881543053046,5.167052943856238e-06,7.339601084515571e-08
9,0.48627454,59.32639348540754,5.246956724642447e-06,7.30543786307211e-08
9,0.49019611,56.16949153784272,5.333192657333307e-06,7.497711550864547e-08
9,0.49411768,54.40387906597259,5.407512659889439e-06,7.192053472614394e-08
9,0.49803925,57.42065238102557,5.476666387152615e-06,7.543006046003692e-08
9,0.50196075,58.21257436516499,5.54275984152788e-06,7.07606883516288e-08
9,0.50588232,56.70647262056457,5.605471941098311e-06,6.506397238846209e-08
9,0.50980389,59.87616701175608,5.665731367760388e-06,6.584034877881711e-08
9,0.51372546,54.52819392990477,5.717110881308803e-06,6.608986351017628e-08
9,0.51764703,51.1240510938936,5.765986815033604e-06,6.388234688983678e-08
9,0.5215686,58.4823609913005,5.813408568704808e-06,6.648968459718504e-08
9,0.52549016,56.55150025914883,5.850625366070433e-06,6.369154219759301e-08
9,0.52941173,55.8499641542637,5.897909836051625e-06,6.271592699120578e-08
9,0.5333333,57.18672554082325,5.93009753362298e-06,5.946093388365182e-08
9,0.53725487,56.14568305202175,5.957555483872021e-06,5.773805604384987e-08
9,0.54117644,56.05005122288679,5.989395571542759e-06,5.548767284509776e-08
9,0.54509801,58.0428689645962,6.017157010082443e-06,5.5746929545555e-08
9,0.54901958,54.98568313248479,6.039716650089673e-06,5.623075669081066e-08
9,0.55294114,52.47249119290743,6.052513864283658e-06,5.423212929976999e-08
9,0.55686271,54.59377469564942,6.088190335419416e-06,6.008836349616216e-08
9,0.56078428,55.29934671076858,6.09859193079156e-06,6.60136140137958e-08
9,0.56470585,58.1475805731971,6.104704772008783e-06,5.799790571172247e-08
9,0.56862742,70.15674511753765,6.161225711809988e-06,8.423715035903656e-08
9,0.57254899,75.58934665900907,6.151724073761869e-06,7.632511458745214e-08
9,0.57647055,58.37924926762359,6.119747089733111e-06,6.599023238317196e-08
9,0.58039212,66.26989713559973,6.135497750527515e-06,7.812484490152268e-08
9,0.58431369,57.06287592800755,6.101833605059232e-06,6.47853950423609e-08
9,0.58823526,57.04313809262525,6.116627202291708e-06,8.676246195577579e-08
9,0.59215683,52.56738762061965,6.060097961724233e-06,5.95720836742943e-08
9,0.5960784,52.65828795797609,6.041810345717872e-06,5.541919246256199e-08
9,0.59999996,52.98843326615916,6.018215032005386e-06,5.728744116403928e-08
9,0.60392153,56.32117513499988,5.991973211374707e-06,5.635983734160487e-08
9,0.6078431,58.8788065830979,5.961883430669004e-06,5.780450852188135e-08
9,0.61176467,55.67644302199012,5.92805955243106e-06,6.022696015216506e-08
9,0.61568624,54.58897685491817,5.898304849052253e-06,6.374003464403251e-08
9,0.61960781,58.30661240833108,5.849641826126205e-06,6.317686243171571e-08
9,0.62352937,54.74630340984291,5.806135940931151e-06,6.506860418265038e-08
9,0.62745094,57.47965171840661,5.758167787656436e-06,6.372363055545038e-08
9,0.63137257,54.08320308242264,5.708471751678136e-06,6.903441990239669e-08
9,0.63529408,55.22394231349234,5.649257101038755e-06,6.352541312651795e-08
9,0.63921571,56.32993897744451,5.58904634017347e-06,6.787773979508066e-08
9,0.64313722,58.41911874913678,5.525633282434325e-06,6.679129685844069e-08
9,0.64705884,58.37860742633924,5.455798750793442e-06,6.827207582474568e-08
9,0.65098035,54.76309694930995,5.383259878705352e-06,6.869190857949026e-08
9,0.65490198,54.94447244835968,5.309421090290499e-06,6.997991268155897e-08
9,0.65882349,54.80711146852693,5.227161863335406e-06,7.120282315680963e-08
9,0.66274512,57.63513870929124,5.148925384529555e-06,7.107054154915592e-08
9,0.66666663,54.74253968405872,5.060405502448121e-06,7.045121489685218e-08
9,0.67058825,54.16841702227348,4.96591616437309e-06,6.785523949178021e-08
9,0.67450976,55.62197396680562,4.877205171668242e-06,6.895486408109232e-08
9,0.67843139,53.52756615349321,4.782124562029215e-06,6.762467298416419e-08
9,0.6823529,56.39056044223656,4.680711007213544e-06,6.411341778273194e-08
9,0.68627453,55.31626367198002,4.577557227062177e-06,6.31655299784684e-08
9,0.69019604,55.86843520294084,4.468112100789361e-06,6.218898421003569e-08
9,0.69411767,54.94852242179854,4.368220981025956e-06,5.703611030538317e-08
9,0.69803917,57.16431517871494,4.25582464463797e-06,5.739951843250549e-08
9,0.7019608,54.51106351166712,4.146626303901393e-06,5.636673560965694e-08
9,0.70588231,55.84801803974236,4.029350642563833e-06,5.784416600260146e-08
9,0.70980394,53.28000518484383,3.910148140599185e-06,5.431909180728026e-08
9,0.71372545,53.76430625015665,3.790212059385931e-06,5.148443749371505e-08
9,0.71764708,57.65058215964673,3.670386792699577e-06,5.061297010958659e-08
9,0.72156858,52.47033244506971,3.545973582836418e-06,4.650431001819647e-08
9,0.72549021,53.3642730734725,3.41762424997632e-06,4.667750259014734e-08
9,0.72941172,53.67720283912278,3.288907642931035e-06,4.515990841238608e-08
9,0.73333335,57.10754340799683,3.158628028429796e-06,4.262963140664316e-08
9,0.73725486,55.33057831401727,3.030842604187639e-06,4.080881555227461e-08
9,0.74117649,56.26837921278267,2.89830014689004e-06,4.01152694923388e-08
9,0.74509799,56.92889699639341,2.763997935416896e-06,3.72222990572284e-08
9,0.74901962,55.0403466001216,2.631582242721074e-06,3.401310117182452e-08
9,0.75294113,56.31724314577539,2.495435561946351e-06,3.492969184815859e-08
9,0.75686276,55.87093357638592,2.356905522963678e-06,3.318990116466962e-08
9,0.76078427,57.24293669556909,2.220114819485256e-06,2.909954577590799e-08
9,0.7647059,54.88940935964004,2.083197931979356e-06,2.828266938433701e-08
9,0.76862741,58.21034287939906,1.94597766709813e-06,2.709670112939404e-08
9,0.77254903,55.39354833454083,1.80767045389994e-06,2.423300964002243e-08
9,0.77647054,59.36854641304894,1.673488125408138e-06,2.507656858751378e-08
9,0.78039217,54.67430492391668,1.537986809990736e-06,2.357290733472142e-08
9,0.78431368,58.78755865717361,1.40533169865417e-06,2.226310162981522e-08
9,0.78823531,56.3150302912636,1.273905302533215e-06,2.079832584870251e-08
9,0.79215682,55.96938077329113,1.147072572765485e-06,1.887328115379685e-08
9,0.79607844,55.10995043657452,1.023972136847646e-06,1.812733856917274e-08
9,0.79999995,56.24958375292287,9.041863184934927e-07,1.768058360193448e-08
9,0.80392158,54.0224752762165,7.903637315705226e-07,1.612295863054926e-08
9,0.80784309,57.61472520231502,6.82471247626967e-07,1.441417506702729e-08
9,0.81176472,54.46645106190503,5.805481120554523e-07,1.266071109692241e-08
9,0.81568629,51.85537114140528,4.852295422426032e-07,1.178231449478745e-08
9,0.81960785,55.15899347930937,3.9872666842427e-07,9.755848075357298e-09
9,0.82352942,52.975308899947,3.200831047581953e-07,8.531990184492473e-09
9,0.82745099,61,2.50707431571775e-07,5.922471069372748e-09
9,0.83137256,62,1.902059899042e-07,4.714966384746165e-09
9,0.83529413,67,1.3904021335835e-07,3.548480952820072e-09
9,0.8392157,62,9.727560263912249e-08,2.575135363726647e-09
9,0.84313726,58,6.450742021807001e-08,1.780457595075175e-09
9,0.84705883,59,4.000989369309e-08,1.176066145646063e-09
9,0.8509804,65,2.27120114561e-08,7.242369196317382e-10
9,0.85490197,60,1.12491565157225e-08,4.028295454349585e-10
9,0.85882354,59,4.1508923848585e-09,2.406952413914488e-10
9,0.86274511,74.99999996939106,8.525091606847123e-09,1.158106759537003e-08
9,0.86666667,60.00000014503788,-5.337210872876022e-09,1.015066676129282e-08
9,0.87058824,69.99999990687346,-7.549579861969121e-09,1.057156097549592e-08
9,0.87450981,70.00000006765755,-6.615584157492391e-09,8.752757415323166e-09
9,0.87843138,65.000000058914,-6.793455071413236e-09,1.115064188580437e-08
9,0.88235295,62.99999994877935,-6.678047194390244e-09,1.185131108514663e-08
9,0.88627452,69.00000015773117,-6.798101906278399e-09,9.566986713096188e-09
9,0.89019608,66.99999991085799,-7.517829740416364e-09,1.194204569913232e-08
9,0.89411765,66.99999995688226,-6.311872026359561e-09,9.391301991808839e-09
9,0.89803922,67.00000005066093,-6.532520073817908e-09,9.820995168059277e-09
9,0.90196079,57.00000000356204,-5.664736191948164e-09,1.283500547664784e-08
9,0.90588236,58.00000026876944,-4.388369508465418e-09,9.781593715371516e-09
9,0.90980393,67.99999994273516,-8.113790690144474e-09,1.292521480388553e-08
9,0.9137255,61,-1.592832405919428e-10,2.13984746769844e-10
9,0.91764706,58.99999999305288,-7.703064385570033e-09,1.660811505386921e-08
9,0.92156863,59.99999998174649,-5.543548958410236e-09,1.098737479697067e-08
9,0.9254902,67.00000004310139,-6.771511174646979e-09,1.036096911602896e-08
9,0.92941177,68.9999999942554,-7.731959295104516e-09,1.161423186034525e-08
9,0.93333334,62.00000009623786,-6.093729689582412e-09,1.110236940909132e-08
9,0.93725491,63.99999972204171,-5.81361710398438e-09,9.665612172080499e-09
9,0.94117647,61.99999999231775,-6.41041952641534e-09,1.182860409072251e-08
9,0.94509804,62.00000001770104,-6.051231641463992e-09,1.108355254582681e-08
9,0.94901961,69.99999978710544,-7.997552349799639e-09,1.18102773499202e-08
9,0.95294118,60.00000005773678,-5.285683730746351e-09,1.045758957623142e-08
9,0.95686275,68.00000007445746,-7.745189591408576e-09,1.208663163562952e-08
9,0.96078432,65.99999986237808,-5.42893301406354e-09,8.215325404542681e-09
9,0.96470588,63,-1.332929787465105e-10,2.126822540008658e-10
9,0.96862745,68.99999997661219,-6.953798423156625e-09,9.945080819248824e-09
9,0.97254902,69.99999985481543,-7.149893784956895e-09,9.919827943308077e-09
9,0.97647059,68.0000000192626,-7.262013288611826e-09,1.097280040914322e-08
9,0.98039216,69.00000015525028,-6.332799911984313e-09,8.725327871135469e-09
9,0.98431373,58,-1.348901671639385e-10,2.126330375823908e-10
9,0.98823529,74.00000013539741,-6.698710167921996e-09,7.759141455872375e-09
9,0.99215686,61.99999968148366,-5.850359784778304e-09,1.061292747358797e-08
9,0.99607843,61.00000014083832,-6.749182225699658e-09,1.301352402717048e-08
9,1,71.00000001083808,-7.769612709744562e-09,1.0922607571942e-08
10,0,65,-7.326154482844742e-10,1.192844934251126e-09
10,0.0039215689,73.99999989762009,-7.427965530505243e-09,9.105471826548847e-09
10,0.0078431377,56.00000003238679,-4.877183021188146e-09,1.178927939873511e-08
10,0.011764707,78.00000001943974,-8.316813001793785e-09,9.72746704386043e-09
10,0.015686275,59.99999979078805,-5.314823224883877e-09,1.059352220500586e-08
10,0.019607844,69.99999991589735,-6.691197323253635e-09,9.042831442741864e-09
10,0.023529414,62.99999992314099,-6.331506545815548e-09,1.116624770759168e-08
10,0.027450982,60,-1.267641825702837e-10,1.9514766558397e-10
10,0.031372551,69.99999994670739,-8.403698909414917e-09,1.278921908878501e-08
10,0.035294119,61.00000001764204,-5.059657768016975e-09,9.625369178324166e-09
10,0.039215688,65.99999991578807,-7.454800479410876e-09,1.232143938127506e-08
10,0.043137256,82.0000001096338,-7.961522627619626e-09,7.823424237271494e-09
10,0.047058828,62.99999980920942,-6.595909105654881e-09,1.177815130580127e-08
10,0.050980397,67.00000006293394,-7.10605975074042e-09,1.110534071425238e-08
10,0.054901965,65.9999998686578,-6.335374054985756e-09,9.896151310533574e-09
10,0.058823533,61.00000013868136,-5.954021906759566e-09,1.133461150273516e-08
10,0.062745102,72.00000004686561,-6.205346107786385e-09,7.464064323462585e-09
10,0.06666667,65.00000016631867,-5.393701320295384e-09,8.540397084690855e-09
10,0.070588239,79.99999997089459,-8.515281473608828e-09,9.591890778249176e-09
10,0.074509807,74.99999979186695,-5.255619655497709e-09,5.351893115958453e-09
10,0.078431375,70.99999994607056,-7.086176429227708e-09,9.463452635732572e-09
10,0.082352944,69.99999992895333,-6.94745390813443e-09,9.541124854046814e-09
10,0.086274512,65.00000002822225,-7.452841052091613e-09,1.278093323027004e-08
10,0.090196081,67.00000017499187,-6.345718228504907e-09,9.556921835226326e-09
10,0.094117656,71.99999997332718,-6.426786139864021e-09,7.900133317842406e-09
10,0.098039225,70.00000002809853,-8.177868649237799e-09,1.234041534724164e-08
10,0.10196079,60.00000003485597,-4.893157676081705e-09,9.725284872571259e-09
10,0.10588236,61.99999983297651,-6.818868537860535e-09,1.27331758376746e-08
10,0.10980393,60.99999996167585,-6.267023304165639e-09,1.211137577139019e-08
10,0.1137255,61.00000013345382,-6.041630400822158e-09,1.155723161200905e-08
10,0.11764707,66.99999986040177,-6.981871918496082e-09,1.075657926792462e-08
10,0.12156864,59.00000002684019,-5.163901863851819e-09,1.073553999245293e-08
10,0.1254902,70.99999995854756,-6.682084531611136e-09,8.70491866327822e-09
10,0.12941177,75.00000003679918,-7.46233531563803e-09,8.954214638983875e-09
10,0.13333334,63.00000022009915,-5.649131763105997e-09,9.83142445211963e-09
10,0.13725491,81.99999997996403,-9.240193771186498e-09,1.062755145639189e-08
10,0.14117648,59,-1.332619003098645e-10,1.861792716635605e-10
10,0.14509805,69.99999993344609,-7.733608415585975e-09,1.130956932143313e-08
10,0.14901961,69.99999992629344,-6.827405668859372e-09,9.376208886259623e-09
10,0.15294118,63.99999982677495,-6.135884817903927e-09,1.033575922012605e-08
10,0.15686275,66.00000009157796,-7.462551867408541e-09,1.227473936135904e-08
10,0.16078432,61,-1.353165319842583e-10,1.900618948598448e-10
10,0.16470589,61.99999990974368,-6.65458473632387e-09,1.241393372258235e-08
10,0.16862746,67.99999996357951,-6.174117261967976e-09,8.839317020477502e-09
10,0.17254902,60.00000006235485,-5.344990839374162e-09,1.063467936691557e-08
10,0.17647059,79.99999997400609,-8.088042681723649e-09,8.629137511015969e-09
10,0.18039216,54.96509008229118,1.833506990317196e-07,8.779272269334781e-09
10,0.18431373,56.45690864504488,1.857789363389734e-07,8.914734846134103e-09
10,0.18823531,59.27269734299926,1.84737213384618e-07,9.516103763164619e-09
10,0.19215688,57.69018501263086,1.814460089476267e-07,9.012883786510609e-09
10,0.19607845,52.826330896698,1.758501552799152e-07,9.246547526875364e-09
10,0.20000002,55.75989751032046,1.694752899160917e-07,8.930196483851004e-09
10,0.20392159,58.08123068919397,1.636845892336762e-07,8.272159123376004e-09
10,0.20784315,55.37297328762228,1.56916006042989e-07,8.039375616013688e-09
10,0.21176472,56.07924006605186,1.510791862012921e-07,7.979352837850428e-09
10,0.21568629,57.95770976564823,1.467745343383551e-07,7.365217474060032e-09
10,0.21960786,55.52240911855592,1.438513087206613e-07,7.123022278928438e-09
10,0.22352943,59.52483152095056,1.431028372502879e-07,7.365947746149266e-09
10,0.227451,56.1638450172398,1.441044040838897e-07,7.90598423302775e-09
10,0.23137257,55.89282196742008,1.450177769541174e-07,8.193349547511211e-09
10,0.23529413,58.00057052582813,1.476698671980367e-07,8.72886414220467e-09
10,0.2392157,57.65467748393237,1.518665248699187e-07,8.858511027289939e-09
10,0.24313727,58.58862271169215,1.571431706854498e-07,9.725901469720838e-09
10,0.24705884,56.24642133810289,1.639445479679716e-07,1.09717541976649e-08
10,0.25098041,55.0695437406908,1.718260525820829e-07,1.064041516558078e-08
10,0.25490198,56.84685528599357,1.812169134229704e-07,1.148844875372683e-08
10,0.25882354,53.60870426501639,1.926422333452359e-07,1.260067474306443e-08
10,0.26274511,53.41849857397935,2.050143916974321e-07,1.285037728927672e-08
10,0.26666668,54.66275073366872,2.190873535578879e-07,1.308613166151331e-08
10,0.27058825,57.73983115891728,2.348597989819136e-07,1.382392132943522e-08
10,0.27450982,53.33033820416903,2.519558754373124e-07,1.500729580036767e-08
10,0.27843139,55.85967692200357,2.715738359218525e-07,1.573858725370404e-08
10,0.28235295,56.46806486979372,2.925531741297932e-07,1.591422275814799e-08
10,0.28627452,52.84427158367384,3.153183359979978e-07,1.673468100277277e-08
10,0.29019609,54.88099126808578,3.409331064137148e-07,1.743286906015829e-08
10,0.29411766,54.38883073750107,3.687821860793868e-07,1.74691107512391e-08
10,0.29803923,58.61136372607936,3.980021307650234e-07,2.004915954853904e-08
10,0.3019608,52.18084349616335,4.297485297068904e-07,1.966345407814335e-08
10,0.30588236,50.56914453277016,4.64055514154574e-07,2.030582707874403e-08
10,0.30980393,55.66912753951838,5.004768117253096e-07,2.159268852067152e-08
10,0.3137255,53.00199614200631,5.392412533502653e-07,2.415089621304229e-08
10,0.31764707,54.74012547068138,5.789297552462114e-07,2.300780445297021e-08
10,0.32156864,55.95585398742988,6.230669362921572e-07,2.318946747343247e-08
10,0.32549021,55.25657199943343,6.657869211499934e-07,2.576174220038719e-08
10,0.32941177,55.88427083031113,7.137787686483577e-07,2.55986256824857e-08
10,0.33333334,56.08446674555603,7.645773995620935e-07,2.759831185658939e-08
10,0.33725491,54.37195518138951,8.190560321695463e-07,2.731119052080409e-08
10,0.34117648,53.74694245147958,8.770552439019968e-07,3.066307641387952e-08
10,0.34509805,57.15698625947932,9.406391016369289e-07,3.221507966579168e-08
10,0.34901962,57.09705108509366,1.007121520443533e-06,3.336159336025525e-08
10,0.35294119,55.5225132946592,1.077109249766933e-06,3.519010883277688e-08
10,0.35686275,58.87170000365952,1.150583552390649e-06,3.668319691866059e-08
10,0.36078432,60.19460955267115,1.2288069222809e-06,3.78061205951056e-08
10,0.36470589,58.02880774306502,1.310331819889042e-06,4.076964441582226e-08
10,0.36862746,57.54594490413678,1.396498130151102e-06,4.261536051471231e-08
10,0.37254903,53.42553931194586,1.488018640937034e-06,4.197166222567011e-08
10,0.37647063,58.81924187983157,1.581447789807503e-06,4.425917004237032e-08
10,0.38039219,53.53283672712654,1.676781497877154e-06,4.464803593331416e-08
10,0.38431376,53.88925009841687,1.784642062155704e-06,4.946869539916187e-08
10,0.38823533,53.82795260351114,1.888397132221968e-06,4.810017308817402e-08
10,0.3921569,55.59889268552753,1.999985661514474e-06,5.347979659202437e-08
10,0.39607847,54.66285999566929,2.112433259815332e-06,5.51870087435241e-08
10,0.40000004,57.54294065892401,2.222985592758823e-06,5.298692663237578e-08
10,0.4039216,56.83130220142163,2.3469538492715e-06,5.231491291149886e-08
10,0.40784317,54.39326648524494,2.464103926852932e-06,6.014570262164065e-08
10,0.41176474,55.60086263392888,2.587877065922088e-06,6.034772716793267e-08
10,0.41568631,58.11370661339078,2.71318692361082e-06,6.104512961549175e-08
10,0.41960788,53.85329584032462,2.834736873266353e-06,6.098339704700134e-08
10,0.42352945,53.70217035107902,2.958164959327733e-06,6.161267582530871e-08
10,0.42745101,53.13350413857652,3.083589523473822e-06,5.973976758424653e-08
10,0.43137258,54.81990832618321,3.207398262384102e-06,6.215168974653687e-08
10,0.43529415,56.83740065335552,3.323253929036226e-06,6.033088671125982e-08
10,0.43921572,58.87418140274763,3.449300618596714e-06,6.548484044661826e-08
10,0.44313729,56.16554917287846,3.56331111870972e-06,6.553007379512728e-08
10,0.44705886,58.68958117660019,3.674844036014079e-06,6.289915918715701e-08
10,0.45098042,53.89809775889581,3.793920153643964e-06,6.61138318300724e-08
10,0.45490199,56.7982802345345,3.908885358259261e-06,6.276152514118789e-08
10,0.45882356,56.15522761314237,4.017696434539381e-06,6.458016813600485e-08
10,0.46274513,57.00675265034693,4.133844197220957e-06,6.265483719366253e-08
10,0.4666667,57.36366342233097,4.244992457369774e-06,6.791286195663919e-08
10,0.47058827,59.92495990852415,4.352114125235895e-06,6.397865933513332e-08
10,0.47450984,53.65741334416769,4.461858297707403e-06,6.611909530612144e-08
10,0.4784314,55.05218620895917,4.565356551321671e-06,6.278833605974129e-08
10,0.48235297,54.282457188765,4.662230730135179e-06,6.239200226374539e-08
10,0.48627454,58.54947734423141,4.761875026362039e-06,6.933192562791989e-08
10,0.49019611,57.17969624200536,4.858901961336018e-06,6.705306373202201e-08
10,0.49411768,56.94683657136058,4.956404397428053e-06,6.583726812618674e-08
10,0.49803925,56.31344291062877,5.044017737214195e-06,6.44742153961513e-08
10,0.50196075,53.02362540104084,5.132669422595896e-06,6.05989009735632e-08
10,0.50588232,54.85347257510656,5.214107724379644e-06,6.549353403846798e-08
10,0.50980389,56.65590390466321,5.299231927041295e-06,6.681565194192545e-08
10,0.51372546,53.7337230920139,5.369781819622386e-06,6.80292315214437e-08
10,0.51764703,55.06415975680606,5.443652307027261e-06,6.15409709479456e-08
10,0.5215686,58.02390530498203,5.507466733737543e-06,6.433610956729652e-08
10,0.52549016,59.07611525066137,5.570724706602874e-06,6.286689336019991e-08
10,0.52941173,54.18819034807631,5.630430872214057e-06,5.934914365080961e-08
10,0.5333333,52.59268221316019,5.686347412996028e-06,6.180916722671302e-08
10,0.53725487,60.00373971718073,5.734298779171427e-06,6.175096196190021e-08
10,0.54117644,56.45828168535906,5.781714955882293e-06,6.459808345587723e-08
10,0.54509801,61.23707178023174,5.826573212038115e-06,6.212696929483147e-08
10,0.54901958,55.86908688296155,5.869559053101555e-06,6.210190199432287e-08
10,0.55294114,57.5159239360782,5.910331866785129e-06,5.388002059273819e-08
10,0.55686271,55.84645927497697,5.947734473988909e-06,5.69426794446095e-08
10,0.56078428,58.30398729938916,5.973029965299019e-06,5.545591527342127e-08
10,0.56470585,55.93705907384399,5.998002316892743e-06,6.108453920448977e-08
10,0.56862742,56.33420572618609,6.026507605141456e-06,5.054580493347073e-08
10,0.57254899,57.5750407221072,6.050165599474686e-06,5.230475704893805e-08
10,0.57647055,54.29243096224118,6.069295342876865e-06,5.519805093532356e-08
10,0.58039212,60.13116768336723,6.089926420500796e-06,6.43804207898239e-08
10,0.58431369,56.33998104997708,6.103411729132517e-06,5.782631799180111e-08
10,0.58823526,69.8974146401607,6.151286493402024e-06,7.725231730177319e-08
10,0.59215683,118.3527951887823,6.208610643396006e-06,9.21483057711469e-08
10,0.5960784,64.57099143995688,6.132641550907183e-06,6.661905439214282e-08
10,0.59999996,62.70230191145884,6.133061737837025e-06,7.008876361667143e-08
10,0.60392153,82.2698860047948,6.17300496735196e-06,8.854264020861866e-08
10,0.6078431,60.5248432901463,6.102968753904453e-06,6.469273840075401e-08
10,0.61176467,55.0944781548586,6.072830135458647e-06,5.860702551939799e-08
10,0.61568624,56.95102347912518,6.044639046981078e-06,5.171010723585459e-08
10,0.61960781,54.96743125001867,6.021184894786253e-06,5.806857982950882e-08
10,0.62352937,53.80350957711659,6.003670597571069e-06,5.16719708603315e-08
10,0.62745094,59.9811003553348,5.972899589531123e-06,5.623212371003863e-08
10,0.63137257,54.66142749061135,5.940106302104515e-06,5.650769666512866e-08
10,0.63529408,55.96005097012259,5.904303934573094e-06,5.793667697150938e-08
10,0.63921571,57.73975938102672,5.861415105961722e-06,6.093736179929492e-08
10,0.64313722,54.80895186021507,5.820170337998123e-06,5.203225082683654e-08
10,0.64705884,56.02428896113526,5.773356830768859e-06,5.79246527135951e-08
10,0.65098035,57.53783337135436,5.715259966249298e-06,5.983355163695495e-08
10,0.65490198,54.96231061133588,5.659976718576813e-06,5.528474779636513e-08
10,0.65882349,56.80683329282779,5.599631328955569e-06,5.703848877502364e-08
10,0.66274512,57.17690341763576,5.535458495718688e-06,4.922925074808055e-08
10,0.66666663,52.9397038643738,5.466225523159548e-06,5.563831836788872e-08
10,0.67058825,53.24640309821524,5.390141067203344e-06,5.480811207485705e-08
10,0.67450976,56.27786232445465,5.313966756916169e-06,5.153224892335035e-08
10,0.67843139,54.18367338345264,5.232006111937678e-06,5.239373119024761e-08
10,0.6823529,56.49228556388514,5.147850098069832e-06,5.387656594841466e-08
10,0.68627453,51.0523228050633,5.055660461020125e-06,5.2157244536256e-08
10,0.69019604,53.61283874700865,4.968390532311315e-06,5.225679023353636e-08
10,0.69411767,54.73056682570572,4.875119888963649e-06,4.67435136071631e-08
10,0.69803917,54.95813066883684,4.774994356912264e-06,4.822543576948797e-08
10,0.7019608,56.04452461235804,4.675494145303586e-06,4.913220636448198e-08
10,0.70588231,56.39447706277316,4.568243776816357e-06,4.706106253107664e-08
10,0.70980394,52.99712021979036,4.45721109863646e-06,4.534133756150308e-08
10,0.71372545,54.72669509889482,4.349367207754559e-06,4.46865271629145e-08
10,0.71764708,55.31801421379136,4.237151391805567e-06,4.582593039341737e-08
10,0.72156858,54.22622092782198,4.122219121113526e-06,4.296991248216744e-08
10,0.72549021,54.93013243188526,4.004390312439486e-06,4.348741997986273e-08
10,0.72941172,56.19927212732833,3.883680536929877e-06,4.086085756764286e-08
10,0.73333335,55.94203320004366,3.762848847505077e-06,3.955763958142764e-08
10,0.73725486,55.3917675126387,3.635036913308583e-06,3.798823126014398e-08
10,0.74117649,53.12740247091017,3.511853775768525e-06,3.830521801280234e-08
10,0.74509799,54.61989859385233,3.384936922638177e-06,3.613843386557538e-08
10,0.74901962,53.41444503991643,3.250621828985879e-06,3.469028656743123e-08
10,0.75294113,54.29785944798915,3.119328743045997e-06,3.494489411021873e-08
10,0.75686276,60.40089905934133,2.988950346164307e-06,3.537370418617642e-08
10,0.76078427,53.22485343801149,2.853354267059639e-06,3.415869575243403e-08
10,0.7647059,57.44525694974897,2.718854898019904e-06,3.282789920704245e-08
10,0.76862741,55.84313799963436,2.586432401398349e-06,2.996118364706387e-08
10,0.77254903,59.0122250699434,2.449930844352869e-06,2.962016969247823e-08
10,0.77647054,56.39205401080272,2.31078068237322e-06,2.787656496100716e-08
10,0.78039217,55.29904545631261,2.173587634275497e-06,2.511565236549291e-08
10,0.78431368,55.3922135699267,2.038533363677169e-06,2.495598582757441e-08
10,0.78823531,53.44481171974728,1.898444571175666e-06,2.265510249478922e-08
10,0.79215682,56.70634166749641,1.763268682683053e-06,2.206665549254834e-08
10,0.79607844,54.74220586391877,1.627863682857762e-06,2.063158291817911e-08
10,0.79999995,57.34376036850664,1.495362036004021e-06,1.884639683230037e-08
10,0.80392158,52.91217820743186,1.3629638247768e-06,1.678855652672345e-08
10,0.80784309,56.45852165483201,1.235208447914068e-06,1.585379466859318e-08
10,0.81176472,53.88887494157676,1.110541128430371e-06,1.473317004648317e-08
10,0.81568629,55.18226172633415,9.893210331097519e-07,1.284970963732135e-08
10,0.81960785,55.77952670010932,8.724412590626162e-07,1.177548227470026e-08
10,0.82352942,51.93631754624411,7.611870991452061e-07,1.058934540735487e-08
10,0.82745099,54.44799293283826,6.558639166948477e-07,8.730328997111911e-09
10,0.83137256,53.77535496897423,5.568532944994336e-07,7.710254163248108e-09
10,0.83529413,58.38757814465286,4.653557332037866e-07,6.479107752312744e-09
10,0.8392157,54.87112048625418,3.814380044961032e-07,5.418882312729983e-09
10,0.84313726,50.51646595007271,3.058869656486721e-07,5.138998139695997e-09
10,0.84705883,58,2.38920528354725e-07,3.552217289471543e-09
10,0.8509804,57,1.81096767562275e-07,2.763934608344471e-09
10,0.85490197,56,1.32338145452425e-07,2.049879682444509e-09
10,0.85882354,54,9.2564213740695e-08,1.501074728343081e-09
10,0.86274511,54,6.140352188957501e-08,1.068587549076672e-09
10,0.86666667,57,3.808687859622e-08,7.22056615469071e-10
10,0.87058824,57,2.163289719207e-08,4.463272798331875e-10
10,0.87450981,66,1.0735981036295e-08,2.768510629345696e-10
10,0.87843138,62,3.9854240876905e-09,2.071641425616559e-10
10,0.88235295,69.99999987670451,6.482454168362947e-09,8.842904875111895e-09
10,0.88627452,68.9999999223396,-7.717025230982988e-09,1.114460393681981e-08
10,0.89019608,74.00000012206016,-6.924580221553888e-09,7.964692924584119e-09
10,0.89411765,59.00000019598332,-5.842316566561006e-09,1.199972535030631e-08
10,0.89803922,58.00000024402286,-4.960492312505227e-09,1.081352727137693e-08
10,0.90196079,60.00000006531799,-6.314805325640171e-09,1.262051808656559e-08
10,0.90588236,68.99999977869793,-6.090196284573336e-09,8.249621058283706e-09
10,0.90980393,73.00000011015233,-7.201518266338065e-09,8.944053697930389e-09
10,0.9137255,66.99999982725011,-5.509095752607019e-09,7.972139637189385e-09
10,0.91764706,57.99999960798278,-5.277263767676564e-09,1.14620238803307e-08
10,0.92156863,64.9999997655722,-6.946505201947709e-09,1.160972348705359e-08
10,0.9254902,72.99999997828195,-7.734577150219303e-09,1.010392072738371e-08
10,0.92941177,71.9999999226939,-7.280835868337675e-09,9.471721848409577e-09
10,0.93333334,78.00000002518924,-6.990797584189804e-09,7.110370413155718e-09
10,0.93725491,65.99999993365044,-5.867550036932085e-09,8.982338148174796e-09
10,0.94117647,59.00000012965076,-6.887627759961493e-09,1.454987343718764e-08
10,0.94509804,65.99999994813517,-6.252460926672133e-09,9.701525687900401e-09
10,0.94901961,59.99999985453087,-5.20368367277277e-09,1.030771044886021e-08
10,0.95294118,70.99999999924599,-7.34745500891294e-09,9.980084384394059e-09
10,0.95686275,63.00000020544753,-5.872590316087645e-09,1.024067519599093e-08
10,0.96078432,63.99999983235378,-5.571677208692023e-09,9.242833421614944e-09
10,0.96470588,70.00000005561596,-6.595083535242061e-09,8.855249888410145e-09
10,0.96862745,63.00000003184086,-6.338265386355449e-09,1.115035560264976e-08
10,0.97254902,62.00000001088973,-4.871138650246578e-09,8.840795487524818e-09
10,0.97647059,74.999999905998,-7.223834651155037e-09,8.411092683756189e-09
10,0.98039216,69.99999997909384,-7.302965279270447e-09,1.028815938739185e-08
10,0.98431373,60,-1.316840254336213e-10,1.970222699680419e-10
10,0.98823529,72.00000013446014,-6.107274131574365e-09,7.323093916969716e-09
10,0.99215686,66.00000005033901,-6.082007378465224e-09,9.368453546236235e-09
10,0.99607843,68.00000025079163,-6.171482586396544e-09,8.810044409444484e-09
10,1,63.00000014157764,-6.489058223192879e-09,1.150824805749043e-08
11,0,72,-7.142087362876905e-10,1.099845533456386e-09
11,0.0039215689,79.00000002185715,-6.989213244077532e-09,6.887602736392861e-09
11,0.0078431377,68.99999994322127,-7.519534419215544e-09,1.115019591763173e-08
11,0.011764707,69.00000020180519,-4.888638561752989e-09,6.395555943854966e-09
11,0.015686275,61.00000024112855,-5.728299167866244e-09,1.092501721038263e-08
11,0.019607844,72.99999978713853,-6.888189906806325e-09,8.425597015822406e-09
11,0.023529414,79.00000008818537,-6.045262558613085e-09,5.461109066976799e-09
11,0.027450982,71.99999982906759,-7.215828862185903e-09,9.404525885874501e-09
11,0.031372551,66.99999997053536,-5.000571823260753e-09,7.190211039824833e-09
11,0.035294119,68.00000010783795,-6.564418820825953e-09,9.573558161899474e-09
11,0.039215688,67.99999999082674,-6.767962898643255e-09,9.963610796179869e-09
11,0.043137256,69.00000020471283,-5.763294116307299e-09,7.748240552330238e-09
11,0.047058828,68.99999987607571,-7.02963289876258e-09,1.013689329148722e-08
11,0.050980397,62.99999977658528,-5.090798006194441e-09,8.843537258517352e-09
11,0.054901965,59.00000002289213,-4.734373739167778e-09,9.967522897545373e-09
11,0.058823533,69.99999993834395,-7.387998811625204e-09,1.049974723293679e-08
11,0.062745102,64.99999998745544,-6.475343101184688e-09,1.061164364552709e-08
11,0.06666667,70.00000012195812,-6.851586183292984e-09,9.380136800446359e-09
11,0.070588239,63.99999991145744,-6.235033820701919e-09,1.05511807060392e-08
11,0.074509807,60.99999992981713,-5.823117969698961e-09,1.112965520913295e-08
11,0.078431375,63.99999994195955,-5.624770420926197e-09,9.37050146118248e-09
11,0.082352944,57.99999977262321,-4.33492995207244e-09,9.742398611421823e-09
11,0.086274512,80.00000002877806,-8.332917882059906e-09,9.178266762847984e-09
11,0.090196081,71.9999999667634,-7.66662214554772e-09,1.039432081492642e-08
11,0.094117656,66.00000016839064,-6.885342279676012e-09,1.106299509852465e-08
11,0.098039225,61.00000018799205,-5.283248799903303e-09,1.004008456587907e-08
11,0.10196079,68.99999994184761,-6.071958226258038e-09,8.275043887731311e-09
11,0.10588236,67.0000000977308,-7.259779190025673e-09,1.145693997461366e-08
11,0.10980393,63.99999989247351,-6.930073678708974e-09,1.2040078436458e-08
11,0.1137255,70.00000014416771,-5.720342328054295e-09,7.372777537954117e-09
11,0.11764707,70.00000002770228,-7.408848932195556e-09,1.056080063043414e-08
11,0.12156864,63,-1.120964574599712e-10,1.789377556968566e-10
11,0.1254902,70.99999994672557,-8.587817478172247e-09,1.300103155072386e-08
11,0.12941177,58.00000017854722,-4.894060548001787e-09,1.076936885073568e-08
11,0.13333334,67.99999997467103,-7.231782187779866e-09,1.096625332156234e-08
11,0.13725491,62.00000001158225,-6.168060037579943e-09,1.134289835714898e-08
11,0.14117648,73.99999988062355,-6.779663670703711e-09,7.911307635891639e-09
11,0.14509805,65.00000000631015,-6.93430452323804e-09,1.160509541196403e-08
11,0.14901961,56.00000004309411,-4.79891277397944e-09,1.166257606117737e-08
11,0.15294118,69.00000024649357,-6.50358085852412e-09,9.072802363304858e-09
11,0.15686275,63.0000000314577,-5.717762610193007e-09,9.968091025721192e-09
11,0.16078432,61.99999983152384,-5.170960865015272e-09,9.366285917738016e-09
11,0.16470589,65.00000007079539,-6.068840067929884e-09,9.797827052094828e-09
11,0.16862746,57,-1.03055590646307e-10,1.798400761759158e-10
11,0.17254902,70.00000013127772,-8.05445688731533e-09,1.202614655024195e-08
11,0.17647059,69.00000001763652,-6.174671249697935e-09,8.457233498335206e-09
11,0.18039216,66.00000004301477,-4.854713907388266e-09,7.291286881192222e-09
11,0.18431373,70.00000011923811,-6.816935371507745e-09,9.321676281031538e-09
11,0.18823531,67.99999992691285,-4.880790076351031e-09,6.684617001210492e-09
11,0.19215688,58.00000004936696,-5.274923845725093e-09,1.151359677766016e-08
11,0.19607845,78.99999999844559,-7.063985905374095e-09,7.014260812559888e-09
11,0.20000002,53.40788786215622,1.732759686999905e-07,7.548247228370495e-09
11,0.20392159,54.91352846541388,1.768910432898256e-07,8.789917336565924e-09
11,0.20784315,55.7198452512466,1.769133011264223e-07,8.313120971453574e-09
11,0.21176472,52.72128361380759,1.739039130674151e-07,8.343710496891418e-09
11,0.21568629,55.84324865262759,1.691026901392994e-07,7.273962672793897e-09
11,0.21960786,57.67833029758496,1.633081062685827e-07,7.350350411249133e-09
11,0.22352943,54.58225069392739,1.574364172573853e-07,7.218647747668162e-09
11,0.227451,55.9069489427806,1.515540720743461e-07,7.055183698650054e-09
11,0.23137257,57.03609876615175,1.460884322473519e-07,6.681097217984785e-09
11,0.23529413,57.60404127384893,1.417072200143373e-07,6.241509368014481e-09
11,0.2392157,55.60624396030199,1.397902349362264e-07,6.172109859409727e-09
11,0.24313727,58,1.39398346092125e-07,6.315451367191534e-09
11,0.24705884,55.21643122607291,1.402486592839397e-07,7.000134555132598e-09
11,0.25098041,57.89718964077709,1.423100129935032e-07,7.281482445569809e-09
11,0.25490198,54.01010292566968,1.456289461784764e-07,7.791257395770876e-09
11,0.25882354,58.72720157535874,1.502050695018992e-07,7.835551547870892e-09
11,0.26274511,51.61722330041656,1.555308788862306e-07,9.198716847057821e-09
11,0.26666668,58.09970151230628,1.638026936875081e-07,9.344727161651006e-09
11,0.27058825,58.40246352400723,1.724634877949232e-07,9.978988601774904e-09
11,0.27450982,59.34512513828665,1.827896969590026e-07,1.076638241166006e-08
11,0.27843139,59.73379994071288,1.945159463849327e-07,1.166585884818596e-08
11,0.28235295,60.12588271748352,2.073148844831568e-07,1.178243830949891e-08
11,0.28627452,63.91328129946883,2.223666483482387e-07,1.275585703526305e-08
11,0.29019609,57.87067288436329,2.38707795373081e-07,1.320861742689607e-08
11,0.29411766,60.28870385051531,2.57484477178878e-07,1.468523459520271e-08
11,0.29803923,61.96815016571119,2.77288037865086e-07,1.546052985391518e-08
11,0.3019608,60.21325302525038,2.988005689945437e-07,1.587852553106974e-08
11,0.30588236,60.76033617649622,3.230712025586721e-07,1.708154183937493e-08
11,0.30980393,59.08759968339739,3.49128028254039e-07,1.815185312535713e-08
11,0.3137255,59.80343315007891,3.781890828982133e-07,1.781652314414509e-08
11,0.31764707,58.70361923967289,4.084887546284486e-07,1.873108970809335e-08
11,0.32156864,60.16909225045169,4.413166169379021e-07,2.012765426475116e-08
11,0.32549021,58.27761403405755,4.765791953344444e-07,2.020155291439947e-08
11,0.32941177,57.6002479968107,5.136918166691704e-07,2.150304199903466e-08
11,0.33333334,56.5340072883178,5.531654314378611e-07,2.14150620671195e-08
11,0.33725491,55.8063324287281,5.931804337605554e-07,2.194173684457955e-08
11,0.34117648,57.37406678121611,6.352546822763196e-07,2.207601208997217e-08
11,0.34509805,58.37526320349765,6.81538495697191e-07,2.386481685492739e-08
11,0.34901962,53.74637481836994,7.287451677972675e-07,2.595926515420334e-08
11,0.35294119,58.50542834982188,7.813895449844305e-07,2.682210980028189e-08
11,0.35686275,59.75354545391377,8.376861101755521e-07,2.750730976218288e-08
11,0.36078432,58.178428078013,8.962837835211199e-07,3.054777486969043e-08
11,0.36470589,56.82360467342283,9.611671440457292e-07,3.136215032305323e-08
11,0.36862746,58.03337725323549,1.028500165784397e-06,3.232541030364245e-08
11,0.37254903,56.05837774644398,1.101231490878135e-06,3.401374697764904e-08
11,0.37647063,53.82367364003681,1.177578020028206e-06,3.444263726031334e-08
11,0.38039219,57.73828301325977,1.256852116403583e-06,3.497501438899043e-08
11,0.38431376,55.72103802835068,1.342686761244369e-06,3.783503042191028e-08
11,0.38823533,54.6653818191279,1.432309795577331e-06,3.869063229797627e-08
11,0.3921569,56.00663288522514,1.522700287174531e-06,4.098387738767634e-08
11,0.39607847,54.73296260504726,1.620232805440469e-06,4.262664784875064e-08
11,0.40000004,53.66738663094896,1.719480205120861e-06,4.543400920543847e-08
11,0.4039216,54.66121419844076,1.827578876853013e-06,5.005608458198109e-08
11,0.40784317,57.71008633689117,1.934024134366039e-06,4.761809815866802e-08
11,0.41176474,58.81435069621227,2.044227828552634e-06,5.014156192895201e-08
11,0.41568631,56.19945910481587,2.161087928966663e-06,5.157024448543848e-08
11,0.41960788,60.01152356780764,2.278421269676136e-06,5.42544924703935e-08
11,0.42352945,56.93839648331551,2.403893996436325e-06,5.13250378831533e-08
11,0.42745101,55.84875813225285,2.523026559119049e-06,5.166856097847415e-08
11,0.43137258,58.17785067023959,2.644617281149295e-06,5.138824341902972e-08
11,0.43529415,59.82757323723685,2.770672991288636e-06,5.314247908542884e-08
11,0.43921572,55.71750976473228,2.893554807408526e-06,5.105887284801224e-08
11,0.44313729,56.05958674766569,3.014620747661348e-06,4.923511177544754e-08
11,0.44705886,54.11236294528903,3.136634965321916e-06,5.198183486572974e-08
11,0.45098042,54.46739569974721,3.2550189968138e-06,4.978360109998571e-08
11,0.45490199,56.13673136848523,3.374945153754141e-06,5.708517473634096e-08
11,0.45882356,55.98477571193533,3.497258104323015e-06,5.668195713567244e-08
11,0.46274513,60.5415967475885,3.617593294788428e-06,5.924331522497852e-08
11,0.4666667,55.26131394303861,3.7250873782084e-06,5.692532897090966e-08
11,0.47058827,55.84626898042414,3.844520803172162e-06,5.893065043285661e-08
11,0.47450984,57.08722199634887,3.963304630196354e-06,5.822823455998101e-08
11,0.4784314,60.25124570076147,4.075918469755582e-06,6.306914627212123e-08
11,0.48235297,55.71719748498001,4.18457622959957e-06,6.282028768329641e-08
11,0.48627454,56.91326033355281,4.294042738163135e-06,6.508374377480558e-08
11,0.49019611,56.82395496747287,4.400239401017295e-06,6.770624328956488e-08
11,0.49411768,53.73400640004865,4.514496956680322e-06,6.817226642385785e-08
11,0.49803925,57.1064126544334,4.616665309309458e-06,7.64517498890284e-08
11,0.50196075,56.41412735662836,4.717782614576689e-06,7.822106003710056e-08
11,0.50588232,56.68665530576714,4.82427026047001e-06,8.399817225964103e-08
11,0.50980389,57.4996654235663,4.911900530210864e-06,7.74967273273033e-08
11,0.51372546,53.9699034299799,5.008175020039307e-06,8.382046253112342e-08
11,0.51764703,58.82587141853679,5.099971508643802e-06,8.068057501086029e-08
11,0.5215686,57.77250818556477,5.190903780963944e-06,7.709384130882924e-08
11,0.52549016,56.98130884840076,5.270774894901796e-06,7.773688706132547e-08
11,0.52941173,57.92970821298561,5.353429890321773e-06,7.626945986069059e-08
11,0.5333333,57.2370780481243,5.431507498367572e-06,8.157621749006655e-08
11,0.53725487,56.06997843169936,5.505139880081473e-06,7.61175606565814e-08
11,0.54117644,55.09065696647481,5.577425057603783e-06,7.71770261509477e-08
11,0.54509801,54.98361485543518,5.637972166432328e-06,6.886642436315253e-08
11,0.54901958,60.3257041615728,5.69203088985415e-06,7.409083591178401e-08
11,0.55294114,55.98950629247349,5.741383879904749e-06,6.777382787411814e-08
11,0.55686271,57.9745958674628,5.791106666909908e-06,6.870416560327258e-08
11,0.56078428,56.83805743140297,5.840157201719165e-06,7.084885338539165e-08
11,0.56470585,54.88861040632018,5.883300525954798e-06,6.406577351725467e-08
11,0.56862742,54.60204476909359,5.919936083924162e-06,6.272894761656085e-08
11,0.57254899,57.45658766530006,5.946578617998529e-06,6.275547927199935e-08
11,0.57647055,51.37233714885786,5.982989825117706e-06,6.033665214080475e-08
11,0.58039212,56.72332899559988,6.00808524724612e-06,6.031423565535382e-08
11,0.58431369,55.71422728725923,6.034693174407731e-06,5.919330801926259e-08
11,0.58823526,55.72948811278003,6.068139911993956e-06,7.426268083788081e-08
11,0.59215683,56.78293197161489,6.073558147589011e-06,6.192109172707855e-08
11,0.5960784,57.14766928049298,6.094277241766815e-06,6.28506178287929e-08
11,0.59999996,61.81084193954851,6.136507374568637e-06,7.573889274655836e-08
11,0.60392153,68.53945506764117,6.15451134312392e-06,8.186301639708636e-08
11,0.6078431,78.54187420915962,6.164416773182462e-06,7.692349618747492e-08
11,0.61176467,66.29249468245122,6.134675697796071e-06,6.861950654625153e-08
11,0.61568624,66.04644175051281,6.12917092197494e-06,7.22004516869057e-08
11,0.61960781,59.04224685923606,6.097893728869962e-06,6.792475445127451e-08
11,0.62352937,55.75280445186596,6.084158012176589e-06,8.031497141504587e-08
11,0.62745094,56.87162441883874,6.042319275576666e-06,5.870105657980153e-08
11,0.63137257,56.70866162993464,6.022577642705214e-06,6.192498207404568e-08
11,0.63529408,55.302412113288,5.995700056910956e-06,6.00451159484842e-08
11,0.63921571,55.51832429738301,5.971670949497562e-06,6.143067521005656e-08
11,0.64313722,55.64690093478761,5.947218335885742e-06,6.242854905122086e-08
11,0.64705884,57.73240040632913,5.899907507894033e-06,7.257013919169479e-08
11,0.65098035,58.63203102299496,5.862843771575964e-06,7.131572620471365e-08
11,0.65490198,55.84191296467451,5.826550175917515e-06,7.910606560244561e-08
11,0.65882349,56.77369232674938,5.770935192606293e-06,7.263435528517079e-08
11,0.66274512,57.03504173012965,5.720682451923501e-06,7.848367395894536e-08
11,0.66666663,54.91377221755158,5.669310750875864e-06,8.059727471823077e-08
11,0.67058825,55.6791215877589,5.613678507631849e-06,8.332528327998176e-08
11,0.67450976,62.72997067010174,5.543661850472063e-06,8.735831266649763e-08
11,0.67843139,60.3692534098335,5.483735244328536e-06,8.231932308741092e-08
11,0.6823529,60.0202298544863,5.41352073090778e-06,8.663484506349146e-08
11,0.68627453,57.43359396525171,5.342972981035317e-06,9.516571656995514e-08
11,0.69019604,63.00204675838839,5.264459492389961e-06,9.255987728519975e-08
11,0.69411767,59.0283396423148,5.18823823599334e-06,9.799370538791785e-08
11,0.69803917,58.18796579378766,5.097760607609492e-06,9.704641687370135e-08
11,0.7019608,56.87809087738442,5.013409054058453e-06,9.485480834202569e-08
11,0.70588231,57.80694437570766,4.922091524154725e-06,9.542081487344266e-08
11,0.70980394,62.14164084167538,4.837034500499973e-06,1.016441770875833e-07
11,0.71372545,60.02828384237246,4.736443994343291e-06,1.002795803629196e-07
11,0.71764708,58.62065466480877,4.640683554857494e-06,1.106255293477656e-07
11,0.72156858,59.03597581634904,4.541952258244591e-06,1.071208581625271e-07
11,0.72549021,59.01140627883244,4.436398159955986e-06,1.038991720515376e-07
11,0.72941172,57.03114991515379,4.332992879725817e-06,1.057830463866687e-07
11,0.73333335,58.35431405718795,4.221230852583229e-06,1.054798941840671e-07
11,0.73725486,60.01029191959175,4.107467258816465e-06,1.036765115389799e-07
11,0.74117649,60.21349810618719,3.99842922532879e-06,1.094972223769255e-07
11,0.74509799,63.176395649301,3.880343392598009e-06,1.044240573335877e-07
11,0.74901962,59.8819415616649,3.763304814083895e-06,9.804156301596771e-08
11,0.75294113,56.9408107554854,3.644032425069959e-06,9.976732001652993e-08
11,0.75686276,60.13129355307947,3.524040787767989e-06,9.402962957942069e-08
11,0.76078427,58.21486915171243,3.401193750623174e-06,9.5830615259123e-08
11,0.7647059,63.51014369256006,3.270033147773655e-06,9.068227274645051e-08
11,0.76862741,58.3372372713951,3.144294924712459e-06,8.76485379947379e-08
11,0.77254903,56.90988806722265,3.017455647436638e-06,8.394186577675315e-08
11,0.77647054,57.69405060026392,2.889158934544623e-06,8.711889265984737e-08
11,0.78039217,61.84482510276319,2.759514340687556e-06,7.935958896154479e-08
11,0.78431368,57.20394578986129,2.624411676707854e-06,7.452629756103106e-08
11,0.78823531,58.08515072881332,2.49286245101209e-06,7.0671190690029e-08
11,0.79215682,56.68213690469179,2.361222360804998e-06,6.911687910293673e-08
11,0.79607844,58.8019495558015,2.227989131525585e-06,6.300006228853957e-08
11,0.79999995,57.55480363287866,2.094058381230718e-06,5.968987969131695e-08
11,0.80392158,57.88183166258631,1.960055919677014e-06,5.853117542190911e-08
11,0.80784309,57.94346529444665,1.826811984212093e-06,5.545064775709291e-08
11,0.81176472,59.03076793507198,1.69515430525306e-06,5.087191434728236e-08
11,0.81568629,60.72635932846654,1.563945074086805e-06,4.31745209445336e-08
11,0.81960785,61.120509086464,1.434772157267553e-06,3.968279543020449e-08
11,0.82352942,61.9662275456609,1.30692823555445e-06,3.552704038970153e-08
11,0.82745099,58.38080703781149,1.182619965292626e-06,3.266744458070165e-08
11,0.83137256,58.77009000401485,1.062822046547834e-06,2.835780584835394e-08
11,0.83529413,64.3316359329683,9.470675593141718e-07,2.46145904671185e-08
11,0.8392157,57.20587214984928,8.351798660898158e-07,2.26900985159583e-08
11,0.84313726,60.28820131333472,7.280699825824144e-07,1.912889002923839e-08
11,0.84705883,58.80909056782816,6.274639643901249e-07,1.577133436156247e-08
11,0.8509804,57.43630202804876,5.324822656613055e-07,1.30953613504432e-08
11,0.85490197,58.66092167429146,4.447720198119667e-07,1.108462610438824e-08
11,0.85882354,58.97028281559923,3.642635145539389e-07,9.199896675674183e-09
11,0.86274511,57,2.92305053330175e-07,6.377651160852017e-09
11,0.86666667,64,2.28577574237775e-07,5.058078064990786e-09
11,0.87058824,59,1.7339891904245e-07,3.861532596805176e-09
11,0.87450981,58,1.26880807684475e-07,2.853590220741502e-09
11,0.87843138,59,8.888633176347999e-08,2.022838745652228e-09
11,0.88235295,59,5.909124101114e-08,1.331308983354565e-09
11,0.88627452,61,3.675982527866e-08,8.684820888793515e-10
11,0.89019608,61,2.09580751125375e-08,5.318693225078295e-10
11,0.89411765,55,1.043576640255975e-08,3.017467953872261e-10
11,0.89803922,65,3.881159168843e-09,2.04095362373743e-10
11,0.90196079,68.99999995131387,5.483748790030204e-09,7.396086630230634e-09
11,0.90588236,65.00000012552847,-7.024506825849336e-09,1.138241248962841e-08
11,0.90980393,56.99999972682229,-5.745475420294658e-09,1.288296104643075e-08
11,0.9137255,61,-1.67781424165419e-10,1.749507143845416e-10
11,0.91764706,71.00000005318631,-8.43763236953888e-09,1.2400116650217e-08
11,0.92156863,58.99999998242732,-5.210124390959857e-09,1.080502175735801e-08
11,0.9254902,62.99999994434551,-5.174615472506705e-09,8.933625764997621e-09
11,0.92941177,72.99999980245438,-6.789833334338509e-09,8.226057704284851e-09
11,0.93333334,63.00000005952265,-5.187042825843651e-09,8.939522746806319e-09
11,0.93725491,74.00000015807015,-8.176482865149587e-09,1.071982440216437e-08
11,0.94117647,62,-1.26101884132312e-10,1.732341035825377e-10
11,0.94509804,67.99999999180737,-6.191646447984851e-09,8.838810965886645e-09
11,0.94901961,63.99999975675684,-5.627633246461285e-09,9.353718914764855e-09
11,0.95294118,62.99999991040605,-5.544604108138715e-09,9.597785762377252e-09
11,0.95686275,76.9999999078144,-8.809908548067955e-09,1.11989327636835e-08
11,0.96078432,64.00000000764196,-5.126650771313855e-09,8.427141919706156e-09
11,0.96470588,71.00000006970896,-7.256487854200969e-09,9.83602972227955e-09
11,0.96862745,55.99999999624305,-4.365309824342668e-09,1.081095300540112e-08
11,0.97254902,64.00000000700147,-6.611417922110133e-09,1.133644052830895e-08
11,0.97647059,69.00000001072313,-8.757847528319164e-09,1.426558323568673e-08
11,0.98039216,73.9999999824567,-6.569726301700959e-09,7.516597212579762e-09
11,0.98431373,69.00000003761164,-5.362141717125854e-09,7.091779399621179e-09
11,0.98823529,66.99999996335374,-5.474873289691685e-09,7.936185302542757e-09
11,0.99215686,66.99999993814454,-6.031762581439467e-09,8.892215961820114e-09
11,0.99607843,73.00000001143836,-8.279087563409855e-09,1.134041807991954e-08
11,1,65.99999989248033,-5.966636302383506e-09,9.178777647770035e-09
12,0,68,-5.844943398295612e-10,1.065332267560885e-09
12,0.0039215689,59.99999994694952,-5.784974953646602e-09,1.150120548297128e-08
12,0.0078431377,68.00000006365229,-5.727068795254999e-09,8.039595120833822e-09
12,0.011764707,68.00000009505079,-4.978579684559449e-09,6.83357459695446e-09
12,0.015686275,68.00000006380569,-7.313337955264715e-09,1.114545564104417e-08
12,0.019607844,69.00000007785121,-5.116931748497883e-09,6.692465869424028e-09
12,0.023529414,70.99999999139582,-7.956485597857041e-09,1.13388863024018e-08
12,0.027450982,68.99999997800377,-6.654548344110454e-09,9.379875430135131e-09
12,0.031372551,61.99999990862568,-6.214005657445585e-09,1.146070051539938e-08
12,0.035294119,74.00000007949879,-8.297333638611312e-09,1.101958646284203e-08
12,0.039215688,71.9999998748373,-4.987183232421318e-09,5.68798696064805e-09
12,0.043137256,56.99999992937307,-6.833788723867975e-09,1.565439635453496e-08
12,0.047058828,52.00000041795454,-5.132871946193718e-09,1.502349971423257e-08
12,0.050980397,63,-9.616841510064e-11,1.769138270421078e-10
12,0.054901965,59.00000004074927,-5.946851140538241e-09,1.235352030642318e-08
12,0.058823533,74.00000012363077,-7.089102617733996e-09,8.465723504409411e-09
12,0.062745102,74.00000008061274,-7.364767046500351e-09,9.030772376380005e-09
12,0.06666667,64.00000014718725,-5.963073789535483e-09,1.002774450084724e-08
12,0.070588239,70.00000003142044,-7.231306606125291e-09,1.018023728471598e-08
12,0.074509807,64.00000002788335,-6.102980224661149e-09,1.027732900692921e-08
12,0.078431375,65.00000005138777,-6.176086981349748e-09,9.984574320906952e-09
12,0.082352944,66.99999992118589,-7.110657995221395e-09,1.111671546845336e-08
12,0.086274512,62,-9.412616833775224e-11,1.794821694228815e-10
12,0.090196081,62.0000000657021,-6.630919885364239e-09,1.233197310517266e-08
12,0.094117656,69.99999997040176,-6.397357202690287e-09,8.511455406718975e-09
12,0.098039225,67.99999997064965,-5.082405802285238e-09,6.965900683351773e-09
12,0.10196079,63.0000000515687,-5.853099121980221e-09,1.02334430974339e-08
12,0.10588236,58,-8.969196914449251e-11,1.73405501796272e-10
12,0.10980393,71.99999984598256,-6.92359051720294e-09,8.839973490280351e-09
12,0.1137255,65.99999994322124,-7.329932194508278e-09,1.198586028717807e-08
12,0.11764707,69.99999999852297,-6.841122479086528e-09,9.339137565595465e-09
12,0.12156864,73.99999998763015,-8.033296773348125e-09,1.046840029851546e-08
12,0.1254902,56.88157016210437,-1.064066502676592e-08,1.277260334733753e-08
12,0.12941177,75.00000012258324,-7.625710164917667e-09,9.252402900584011e-09
12,0.13333334,67.00000000836265,-6.611767524339933e-09,1.003479932143158e-08
12,0.13725491,60.00000014671711,-4.795566337366596e-09,9.586547176061221e-09
12,0.14117648,71.9999998256541,-7.726067655078393e-09,1.048355061545031e-08
12,0.14509805,63.9999999650682,-5.626901459837892e-09,9.385156921985832e-09
12,0.14901961,73.00000005865611,-7.37565922468113e-09,9.39501686275677e-09
12,0.15294118,67.00000016861733,-5.676565441825229e-09,8.282663961205265e-09
12,0.15686275,62.99999992156494,-5.786493463479254e-09,1.008254185427476e-08
12,0.16078432,64.00000004507451,-6.239310635066384e-09,1.057231192834608e-08
12,0.16470589,73.00000021988545,-6.389392458117109e-09,7.561237393935488e-09
12,0.16862746,62.99999996422699,-7.249767925530107e-09,1.326352479576734e-08
12,0.17254902,61.99999994204764,-5.815634778012298e-09,1.060319233844845e-08
12,0.17647059,73.00000006957728,-6.582086185599732e-09,7.855963071414131e-09
12,0.18039216,71.0000000975498,-7.668991557592964e-09,1.078503284877475e-08
12,0.18431373,65.00000000256414,-5.193940627131802e-09,8.231198350445927e-09
12,0.18823531,60.00000004605209,-6.930234429532428e-09,1.40885513139353e-08
12,0.19215688,60.00000029146955,-4.973707607941613e-09,9.907443508521643e-09
12,0.19607845,71.99999997503161,-6.315032960102198e-09,7.704473331547201e-09
12,0.20000002,70.99999999555716,-7.190576717294929e-09,9.718183771416978e-09
12,0.20392159,61.00000002933,-6.279978162144982e-09,1.207889027722313e-08
12,0.20784315,74.00000003279104,-6.264354220889119e-09,7.070760239035167e-09
12,0.21176472,62,-1.17360611371355e-10,1.758867156637418e-10
12,0.21568629,70.00000006162934,-7.149423353754641e-09,9.990456909903129e-09
12,0.21960786,59.64964705738432,1.741860542855137e-07,7.219327508208047e-09
12,0.22352943,56.39788087538662,1.75890464300915e-07,8.291932293993331e-09
12,0.227451,57.02238082552599,1.758061748833401e-07,8.910151735200289e-09
12,0.23137257,54.80536205414249,1.728233314947401e-07,8.78234237521648e-09
12,0.23529413,58.33733209907381,1.679294724406228e-07,8.313036119950519e-09
12,0.2392157,57.0516591375437,1.616338543292367e-07,7.586260747454638e-09
12,0.24313727,56.57692296228506,1.550763207667259e-07,7.323960099553051e-09
12,0.24705884,56.36346647896671,1.486466057012508e-07,6.327971266378663e-09
12,0.25098041,55.64751214012871,1.425858168812078e-07,6.237930624680578e-09
12,0.25490198,54.99174219263976,1.3799137714862e-07,6.276176646122105e-09
12,0.25882354,56.85418889307171,1.350635511562924e-07,6.29904419729307e-09
12,0.26274511,57,1.33562165977525e-07,6.584869304119102e-09
12,0.26666668,56,1.33886160335475e-07,6.955132759562637e-09
12,0.27058825,56.91285235608525,1.349056999485006e-07,7.712610280585966e-09
12,0.27450982,55.17101450373337,1.377416562611412e-07,7.894475682460153e-09
12,0.27843139,56.28300423316357,1.411702485868631e-07,8.227611086733965e-09
12,0.28235295,53.21077995907918,1.46360949683505e-07,1.003547957255956e-08
12,0.28627452,53.64636383208489,1.530720000344547e-07,9.55704627738519e-09
12,0.29019609,59.79977409818976,1.608600275772346e-07,1.080546294106459e-08
12,0.29411766,62.73439008484984,1.69823595585221e-07,1.207404508584495e-08
12,0.29803923,54.19015636818526,1.803327841061572e-07,1.299741039822029e-08
12,0.3019608,54.71459851405467,1.935005596594666e-07,1.41680497272391e-08
12,0.30588236,59.52278339915299,2.06912423325683e-07,1.447895889440245e-08
12,0.30980393,62.63197921173693,2.229461243464017e-07,1.508242337707952e-08
12,0.3137255,60.88811138756467,2.395515685391571e-07,1.717373554598281e-08
12,0.31764707,58.18791437062823,2.57817341181553e-07,1.751280015365573e-08
12,0.32156864,58.60243956822101,2.790391201499772e-07,1.748865447559456e-08
12,0.32549021,60.42640024820265,3.023444421889736e-07,1.822443277826825e-08
12,0.32941177,61.79833501002264,3.268787850785149e-07,1.924131075800811e-08
12,0.33333334,61.26897153390775,3.542573448842646e-07,1.971642040149331e-08
12,0.33725491,59.0328736039426,3.822605002430412e-07,2.100778986243627e-08
12,0.34117648,59.05955884778674,4.138070755441944e-07,2.231770254435254e-08
12,0.34509805,60.37949954622278,4.487230498199415e-07,2.346567208129783e-08
12,0.34901962,59.91367347993909,4.842419013447637e-07,2.515150856634615e-08
12,0.35294119,58.47667125771266,5.232177555770389e-07,2.448316533676273e-08
12,0.35686275,57.65570526137396,5.619458963271273e-07,2.408763352156944e-08
12,0.36078432,62.332198757938,6.036034001215582e-07,2.548405667523308e-08
12,0.36470589,58.96177210431854,6.481852877813802e-07,2.673999526989789e-08
12,0.36862746,57.46569260740158,6.943679377970533e-07,2.734412853792789e-08
12,0.37254903,57.44620008536942,7.458016216311915e-07,2.710979923059776e-08
12,0.37647063,56.64572583646198,8.001402024317149e-07,2.824723765602643e-08
12,0.38039219,58.35593756113585,8.579066715614428e-07,3.084320505009721e-08
12,0.38431376,58.83908121096434,9.195489191992633e-07,3.34729506669398e-08
12,0.38823533,59.37140203959645,9.828152137046827e-07,3.316867138822476e-08
12,0.3921569,54.15549155197272,1.053528700344502e-06,3.43796965781507e-08
12,0.39607847,57.81172701527873,1.127405206424837e-06,3.658026849718599e-08
12,0.40000004,57.48730327404417,1.203914408714385e-06,3.848142283357778e-08
12,0.4039216,56.81203842057997,1.285074275796804e-06,3.822726106074975e-08
12,0.40784317,55.86270163904618,1.369646255122361e-06,4.224634566820746e-08
12,0.41176474,58.90693282238254,1.460480593483809e-06,4.588401648980662e-08
12,0.41568631,56.73566085018831,1.555271719417579e-06,4.505059084122446e-08
12,0.41960788,54.45766537338039,1.653171252352552e-06,4.890545433271805e-08
12,0.42352945,56.36603217606822,1.756879922343179e-06,4.865132122129653e-08
12,0.42745101,55.88652117376714,1.861107144372141e-06,4.860998472722336e-08
12,0.43137258,56.79530269949005,1.972050426887396e-06,5.077564158725758e-08
12,0.43529415,58.8718474072855,2.08673327690777e-06,5.257052381879623e-08
12,0.43921572,57.26152078722472,2.199153289743549e-06,5.727666599840435e-08
12,0.44313729,55.89614891440851,2.320856482072118e-06,5.793882540375921e-08
12,0.44705886,58.3067024445814,2.438070529274526e-06,5.670931142942253e-08
12,0.45098042,57.20700728223937,2.562019313883837e-06,6.045622516387945e-08
12,0.45490199,53.18177781814584,2.686835831227681e-06,6.123745008731458e-08
12,0.45882356,57.65073349069553,2.808925528796283e-06,6.183791189500225e-08
12,0.46274513,52.46115076247449,2.930180359144266e-06,6.390662503929506e-08
12,0.4666667,55.69889509653526,3.054931931384553e-06,6.652973304291427e-08
12,0.47058827,55.85334760647541,3.175019578288545e-06,6.707267411878305e-08
12,0.47450984,53.22920392504858,3.296017838693415e-06,6.753932703448678e-08
12,0.4784314,54.05421291477694,3.418456016530714e-06,6.244596400590271e-08
12,0.48235297,55.26113375153992,3.538651184944178e-06,5.882191588685678e-08
12,0.48627454,56.24351083322379,3.661387995151476e-06,6.397267296638209e-08
12,0.49019611,58.97971751175447,3.776593142293999e-06,7.031491844511017e-08
12,0.49411768,55.73739370555361,3.894640271213293e-06,6.857792962090214e-08
12,0.49803925,54.91018490935431,4.015387561419499e-06,7.026208143151371e-08
12,0.50196075,53.45706494286401,4.133811244571481e-06,6.88603272783046e-08
12,0.50588232,59.41606097686238,4.245104022350971e-06,7.437760945066023e-08
12,0.50980389,55.38224412706221,4.361739737719049e-06,7.623751733981235e-08
12,0.51372546,53.45705989057678,4.47153582077494e-06,8.184129710594503e-08
12,0.51764703,56.39322237749364,4.582933533190357e-06,8.126694901575525e-08
12,0.5215686,55.02635279275861,4.688575525383847e-06,7.81011394399058e-08
12,0.52549016,55.07293182183714,4.796065635708044e-06,8.018645164773119e-08
12,0.52941173,54.62929980136448,4.894271511930029e-06,7.470859737170181e-08
12,0.5333333,55.32713992116762,4.991416668265237e-06,8.401230054460194e-08
12,0.53725487,54.9029151427288,5.085937851540712e-06,8.270403124013883e-08
12,0.54117644,52.4384873294488,5.181502587658227e-06,7.972355828373037e-08
12,0.54509801,57.45096490852801,5.27107085592397e-06,7.592575600076024e-08
12,0.54901958,55.51954174410374,5.35204137171807e-06,7.906259985767966e-08
12,0.55294114,60.41048655156981,5.436986893750584e-06,7.859615715918884e-08
12,0.55686271,54.78610941787062,5.510740119228166e-06,7.403282963642563e-08
12,0.56078428,57.80042818301233,5.583174146800966e-06,7.270398276459201e-08
12,0.56470585,55.83813913888807,5.639150292560972e-06,7.553855429212218e-08
12,0.56862742,54.54710142725337,5.703170411047424e-06,6.684447662465143e-08
12,0.57254899,57.3763311496586,5.74871187347132e-06,7.105319121866153e-08
12,0.57647055,56.13253650927419,5.804662424346347e-06,6.737786315012468e-08
12,0.58039212,59.35834523577969,5.843958545206074e-06,6.223144958735354e-08
12,0.58431369,56.40514917383847,5.890321582927659e-06,6.271187603204283e-08
12,0.58823526,55.35794382978682,5.923436512805041e-06,6.154406714040489e-08
12,0.59215683,54.78806727124863,5.961929876009817e-06,6.523062541084399e-08
12,0.5960784,57.79066984645009,5.989300097505023e-06,6.383331537922434e-08
12,0.59999996,55.02478682139755,6.018836915194452e-06,6.177987238293772e-08
12,0.60392153,54.19881107995685,6.040405611406207e-06,6.455959291428505e-08
12,0.6078431,51.96683548223528,6.051987475469983e-06,6.396878737809919e-08
12,0.61176467,59.84312273947472,6.08454775478221e-06,6.61920047605424e-08
12,0.61568624,59.72652629138295,6.11895429652846e-06,7.897121279004709e-08
12,0.61960781,58.39942128568205,6.10549468617364e-06,6.33973785098654e-08
12,0.62352937,62.60513650146643,6.12526718057733e-06,6.819706171776239e-08
12,0.62745094,65.03054224489026,6.133203494674897e-06,7.001254940460438e-08
12,0.63137257,57.59693902014377,6.107107301511674e-06,6.169604993441025e-08
12,0.63529408,58.33910700089385,6.092834888050238e-06,5.86151615017359e-08
12,0.63921571,54.72920693814022,6.083792331374521e-06,6.548899656535292e-08
12,0.64313722,58.2735353830978,6.054401085455993e-06,5.484529294838683e-08
12,0.64705884,52.37999960856472,6.033869527094326e-06,5.585758431111471e-08
12,0.65098035,56.21768759055632,6.009766649286382e-06,5.524172363765101e-08
12,0.65490198,59.0210092365088,5.981925207430873e-06,6.031523473336744e-08
12,0.65882349,56.63763826284314,5.950124362463746e-06,5.904114560932874e-08
12,0.66274512,56.99656284730083,5.920406496892342e-06,5.797484339227356e-08
12,0.66666663,56.02628343822344,5.883805050961698e-06,5.594186012480468e-08
12,0.67058825,60.33045976127211,5.848337680215908e-06,5.98288581053219e-08
12,0.67450976,60.9629299502686,5.800986365125471e-06,5.966587350037917e-08
12,0.67843139,54.87585963221537,5.757123228668837e-06,5.677621535749309e-08
12,0.6823529,55.3844822901619,5.704096505000133e-06,5.644775166119498e-08
12,0.68627453,54.56375456336399,5.650440694114423e-06,5.687748001387026e-08
12,0.69019604,53.65847783732004,5.587413907928566e-06,6.30604121070585e-08
12,0.69411767,54.70906088741057,5.526625664080973e-06,6.292735168492792e-08
12,0.69803917,60.53528346537799,5.458662832875158e-06,6.012640728068512e-08
12,0.7019608,55.30421782413384,5.385975705008876e-06,5.818511509733523e-08
12,0.70588231,52.83596378086465,5.316751845701702e-06,5.870912826863781e-08
12,0.70980394,55.01439944437465,5.242553811840614e-06,6.197698360795713e-08
12,0.71372545,57.47240353426938,5.160586226816998e-06,6.059070122972066e-08
12,0.71764708,54.11292939194583,5.075096367590462e-06,6.035051220797987e-08
12,0.72156858,54.51828342469863,4.994905895594793e-06,6.132757448206887e-08
12,0.72549021,57.16318718597885,4.899662514325187e-06,5.991942670627784e-08
12,0.72941172,59.24941686146724,4.806429561629256e-06,5.32514101594779e-08
12,0.73333335,58.04145444026875,4.712759937844218e-06,5.307188600348774e-08
12,0.73725486,55.67306535615821,4.617412346847515e-06,5.456593458986188e-08
12,0.74117649,57.26509525570437,4.514522410281984e-06,5.628046152914732e-08
12,0.74509799,56.12067988582533,4.41644065615419e-06,5.309386648510094e-08
12,0.74901962,55.63815086366438,4.306587363917401e-06,5.198439904884935e-08
12,0.75294113,58.7728496916309,4.202075253507771e-06,5.095607733611757e-08
12,0.75686276,54.47304850056256,4.08994855216718e-06,4.718161889586555e-08
12,0.76078427,54.78059761598102,3.980832827984463e-06,4.885178895031207e-08
12,0.7647059,54.47452731794902,3.863486237305751e-06,4.65931812441631e-08
12,0.76862741,61.17814123247047,3.749273027721296e-06,4.62380311435508e-08
12,0.77254903,56.76445731428784,3.631109387539422e-06,4.43975576692614e-08
12,0.77647054,55.91430559620082,3.509014805629682e-06,4.318199255400584e-08
12,0.78039217,58.6485365454541,3.387821962583661e-06,4.30332798603769e-08
12,0.78431368,54.25790126017113,3.262771226284495e-06,4.157868980601073e-08
12,0.78823531,59.97525769250099,3.139182157947808e-06,3.945937443142172e-08
12,0.79215682,56.63578764847779,3.015515588595818e-06,3.965620536385127e-08
12,0.79607844,54.71767612751973,2.886299384248644e-06,3.732608289614727e-08
12,0.79999995,55.12332527288569,2.756964006180688e-06,3.577136547985363e-08
12,0.80392158,59.66183195004169,2.628490274506737e-06,3.334162229949371e-08
12,0.80784309,57.2527101671154,2.499798750057855e-06,3.070782063125019e-08
12,0.81176472,57.63944319246,2.366696207730413e-06,3.02120071815334e-08
12,0.81568629,57.13973762152974,2.23607178280109e-06,2.867080583063022e-08
12,0.81960785,57.8289271608008,2.103760211500162e-06,2.605288173772181e-08
12,0.82352942,54.44351090919279,1.971897719363851e-06,2.427916646931417e-08
12,0.82745099,57.51339124586185,1.839102656495849e-06,2.415494131790011e-08
12,0.83137256,56.13532835298293,1.709309373375863e-06,2.188659939467829e-08
12,0.83529413,55.18432056952548,1.578748511854469e-06,2.007530758641135e-08
12,0.8392157,56.90647078846299,1.450659969897279e-06,1.729885154990958e-08
12,0.84313726,55.39979043854134,1.325160800939412e-06,1.617455330440675e-08
12,0.84705883,54.98826354560378,1.200868554773084e-06,1.459834736265132e-08
12,0.8509804,57.84451451368908,1.080764162828675e-06,1.338636999078735e-08
12,0.85490197,52.47705093554391,9.632242385933762e-07,1.257426229906287e-08
12,0.85882354,55.02061525421004,8.50680068260556e-07,1.123142658230855e-08
12,0.86274511,53.26638129685289,7.433059562764643e-07,9.851367505630924e-09
12,0.86666667,57.31300840272331,6.411788584226537e-07,8.383970390125293e-09
12,0.87058824,57.15411775014701,5.456841865411464e-07,7.413458089072821e-09
12,0.87450981,53.72381012162098,4.568653456221833e-07,6.098931750994782e-09
12,0.87843138,54.89892060233586,3.752819459622313e-07,5.209395714388152e-09
12,0.88235295,75,3.01623241000975e-07,4.478736231403724e-09
12,0.88627452,66,2.36318115343825e-07,3.673743943708841e-09
12,0.89019608,65,1.796719569056e-07,2.890668674732447e-09
12,0.89411765,61,1.31725257044875e-07,2.211317565542112e-09
12,0.89803922,57,9.249946423331499e-08,1.619459417504162e-09
12,0.90196079,56,6.1582963484255e-08,1.151659014932337e-09
12,0.90588236,59,3.836481589260751e-08,7.819510707085725e-10
12,0.90980393,57,2.1878370252935e-08,4.828581980857477e-10
12,0.9137255,59,1.09120680416525e-08,2.813580606161208e-10
12,0.91764706,57,4.073972469359e-09,1.938794103372218e-10
12,0.92156863,63.99999998112541,7.754010016670438e-09,1.4162803922655e-08
12,0.9254902,65.00000024628085,-5.185306851407275e-09,7.835743208781557e-09
12,0.92941177,64.99999991560514,-7.193056890924414e-09,1.193965202638205e-08
12,0.93333334,61.99999990514355,-4.97757536757168e-09,8.960914032716915e-09
12,0.93725491,68.9999999120142,-6.871531349678839e-09,9.757914772267876e-09
12,0.94117647,59.99999999383888,-6.937863457559817e-09,1.41075008184998e-08
12,0.94509804,65.99999991467584,-7.133721533543435e-09,1.15086612813319e-08
12,0.94901961,70.99999996430543,-7.381849461846811e-09,1.004535556400117e-08
12,0.95294118,63.00000000499251,-4.992231877454519e-09,8.627442556454928e-09
12,0.95686275,77.99999998777714,-7.59432059149469e-09,8.23056967943931e-09
12,0.96078432,61.00000023245877,-5.367250684304024e-09,1.017219404514268e-08
12,0.96470588,64.00000004746242,-6.72838197801452e-09,1.158819565185715e-08
12,0.96862745,65.99999988074967,-5.711387100868253e-09,8.699472280736274e-09
12,0.97254902,64.00000000847035,-5.619910416820762e-09,9.337573605148736e-09
12,0.97647059,65.00000013146656,-6.931972468986128e-09,1.15932620513757e-08
12,0.98039216,67.0000001303717,-6.309625749029161e-09,9.436719072418928e-09
12,0.98431373,56.99999993117395,-4.785018552504585e-09,1.104752530481888e-08
12,0.98823529,73.00000016045895,-7.390593458409447e-09,9.374483390574507e-09
12,0.99215686,59.99999976978953,-5.686806317046041e-09,1.129157459008465e-08
12,0.99607843,74.00000002465988,-7.266976989653811e-09,8.837275402220894e-09
12,1,64.99999988584035,-6.420595846744419e-09,1.048337288957571e-08
13,0,63,-6.92645863012947e-10,1.107597065088524e-09
13,0.0039215689,65.00000016352089,-6.11359929969312e-09,9.867241773923349e-09
13,0.0078431377,57.99999994607318,-6.007848035542514e-09,1.310974499372973e-08
13,0.011764707,67.00000028964344,-5.241633631424374e-09,7.559870533346471e-09
13,0.015686275,70.99999999182602,-6.537509065019302e-09,8.410730655641608e-09
13,0.019607844,77.00000013374114,-8.502320063278883e-09,1.049286328458706e-08
13,0.023529414,73.00000001080885,-6.791061375507502e-09,8.227743538650077e-09
13,0.027450982,68.99999996807689,-6.490680036138897e-09,9.048112359997023e-09
13,0.031372551,64.99999986705514,-6.188099242244404e-09,1.002421185173369e-08
13,0.035294119,58.00000003418436,-6.143754400551034e-09,1.335046378619274e-08
13,0.039215688,72.00000021853033,-7.395999501617017e-09,9.770265924028703e-09
13,0.043137256,60.00000024821756,-4.312665744107662e-09,8.761921744884828e-09
13,0.047058828,63.00000005726164,-6.375180250979991e-09,1.129353169225508e-08
13,0.050980397,62.9999999793732,-5.171731756443978e-09,8.938894821115654e-09
13,0.054901965,65.99999975381701,-6.552538972964254e-09,1.03093048766399e-08
13,0.058823533,64.00000006839896,-6.227762782978131e-09,1.05088739593731e-08
13,0.062745102,63.99999990775406,-6.569489221656488e-09,1.12176535029634e-08
13,0.06666667,64.99999979550471,-6.197841164014586e-09,1.003811512852356e-08
13,0.070588239,67.00000013179178,-5.984807277100526e-09,8.831983313981341e-09
13,0.074509807,71.99999993089659,-7.236629090231352e-09,9.443203394641732e-09
13,0.078431375,68.00000002940611,-7.32281034790148e-09,1.118347256520274e-08
13,0.082352944,66.00000024958557,-5.635480592326532e-09,8.575872417208195e-09
13,0.086274512,65.00000001961131,-6.662455774340295e-09,1.101876634072735e-08
13,0.090196081,63.00000002775158,-5.849609600199394e-09,1.022187530552466e-08
13,0.094117656,71.99999989699425,-6.061359281454551e-09,7.276531292417425e-09
13,0.098039225,58,-1.212285976051797e-10,1.860219050607232e-10
13,0.10196079,66.00000005744624,-7.626862294572876e-09,1.270351311843783e-08
13,0.10588236,71.00000009494103,-7.573814815744539e-09,1.047355043597502e-08
13,0.10980393,63.99999995666125,-6.067932633428546e-09,1.021303648915294e-08
13,0.1137255,62.9999998746761,-7.155748756382325e-09,1.30985169119144e-08
13,0.11764707,68.99999997309477,-6.537874330749853e-09,9.117935144646758e-09
13,0.12156864,68.99999992616955,-7.151388192005348e-09,1.03783092705238e-08
13,0.1254902,64.00000011574176,-6.495633204205346e-09,1.108934442916621e-08
13,0.12941177,65.00000010161037,-5.110518200719821e-09,8.073387164634593e-09
13,0.13333334,79.99999988069239,-7.611397518741207e-09,7.710893067912295e-09
13,0.13725491,73.00000005132607,-6.779391046885546e-09,8.213292052129729e-09
13,0.14117648,65.99999990124313,-6.380981227740577e-09,9.983950001513397e-09
13,0.14509805,63.99999966246988,-5.20983945767744e-09,8.632201094956999e-09
13,0.14901961,69.00000020125665,-5.549794532512042e-09,7.410377839228582e-09
13,0.15294118,71.00000007509873,-6.521334642037037e-09,8.385367266370878e-09
13,0.15686275,68.0000000956833,-7.005101630225617e-09,1.046139518844468e-08
13,0.16078432,58.00000028261628,-4.774960660116864e-09,1.054098806809777e-08
13,0.16470589,67.99999990317507,-6.563935496906066e-09,9.568710489329866e-09
13,0.16862746,55.9999989670332,-7.362358050862211e-09,8.883419450518587e-09
13,0.17254902,70.99999997334869,-6.526617594294759e-09,8.392026253860587e-09
13,0.17647059,58.99999993824404,-6.228940624185367e-09,1.302355395554144e-08
13,0.18039216,59.99999999065051,-6.51881262498692e-09,1.31707683866579e-08
13,0.18431373,68.99999990931082,-5.400496163033222e-09,7.206381160896202e-09
13,0.18823531,66.99999997647974,-7.378723191024916e-09,1.169492615099958e-08
13,0.19215688,75.99999983492422,-7.867077208222959e-09,9.389305563421554e-09
13,0.19607845,77.00000012016781,-7.34919546729447e-09,8.062377008154465e-09
13,0.20000002,68.99999991952566,-6.897225396894685e-09,9.873283258976586e-09
13,0.20392159,66.99999989089066,-7.039331894455279e-09,1.093982835832883e-08
13,0.20784315,70.99999997726195,-7.196675445578431e-09,9.704204880601319e-09
13,0.21176472,67.00000000809592,-7.529528923977909e-09,1.204463192543947e-08
13,0.21568629,70.99999984735013,-5.607338148872462e-09,6.853557401963515e-09
13,0.21960786,66.00000011943916,-6.571167205201438e-09,1.038886323008306e-08
13,0.22352943,65.00000005455928,-6.470513098195477e-09,1.058510639148173e-08
13,0.227451,71.00000026224498,-5.718131602806445e-09,7.029540898974298e-09
13,0.23137257,68.99999994219384,-6.287371742912983e-09,8.647190363803672e-09
13,0.23529413,70.99999991062094,-6.587391340839313e-09,8.515520806112848e-09
13,0.2392157,57.59728937402915,1.664333846601338e-07,7.618272498865606e-09
13,0.24313727,57.56085121096064,1.648446311954722e-07,9.721229888616152e-09
13,0.24705884,55.91101421156821,1.651398427765731e-07,9.790295118815323e-09
13,0.25098041,57.88412279368144,1.633574499705638e-07,9.669185174507999e-09
13,0.25490198,52.46032196862341,1.593801711832896e-07,9.336791767203383e-09
13,0.25882354,58.5321773477596,1.543152673398031e-07,8.032868199203735e-09
13,0.26274511,56.33583285096346,1.474036399374179e-07,8.361397556588626e-09
13,0.26666668,56.48936294927781,1.412545120564566e-07,8.193639865542238e-09
13,0.27058825,54.70197423128913,1.353647854001048e-07,8.336649131982923e-09
13,0.27450982,57,1.30624081002725e-07,7.473771669792998e-09
13,0.27843139,53.88059306434444,1.262365331541597e-07,7.807448436988331e-09
13,0.28235295,56.53788555518585,1.238446427109618e-07,7.079670933072983e-09
13,0.28627452,54.80322158640677,1.231006276482043e-07,7.325321521032315e-09
13,0.29019609,55.39475799720115,1.237440591381848e-07,6.524083325599329e-09
13,0.29411766,59.07195426714019,1.257825839455628e-07,6.663073839420961e-09
13,0.29803923,56.18906914711513,1.292848745721585e-07,6.249727948321698e-09
13,0.3019608,59.56602208363954,1.340007964167744e-07,6.628744148495588e-09
13,0.30588236,56.27858276893704,1.397553110898108e-07,6.294129931573508e-09
13,0.30980393,56.20962904080526,1.467212136318581e-07,6.342260360686321e-09
13,0.3137255,54.50763208913218,1.557039533355216e-07,6.807328003387909e-09
13,0.31764707,58.56449978024176,1.658859229957948e-07,7.110977049013981e-09
13,0.32156864,56.03648934085472,1.776999280209233e-07,7.322601515857667e-09
13,0.32549021,57.31500958891498,1.910021723635578e-07,7.601736068622281e-09
13,0.32941177,55.86391039077239,2.060323984185808e-07,7.678079869682517e-09
13,0.33333334,55.0192878681457,2.227575542506087e-07,8.291052669622806e-09
13,0.33725491,56.44591409843902,2.415486939718126e-07,8.643311359412717e-09
13,0.34117648,54.57495694439179,2.622190093594969e-07,9.218269134900171e-09
13,0.34509805,55.883712811106,2.840268691311118e-07,1.040912128276302e-08
13,0.34901962,59.5639968056014,3.087257594305903e-07,1.165433189588787e-08
13,0.35294119,56.68326124219433,3.350791853859611e-07,1.147645747579661e-08
13,0.35686275,55.70865768070372,3.638660544672557e-07,1.21850330082204e-08
13,0.36078432,55.82815563580964,3.950287276326669e-07,1.269633237940652e-08
13,0.36470589,56.4501215582156,4.293274889492361e-07,1.424167884459723e-08
13,0.36862746,59.75716022662668,4.64841536336463e-07,1.499989140182864e-08
13,0.37254903,57.55411785511731,5.036576453472653e-07,1.528141759898392e-08
13,0.37647063,60.74638890533415,5.442420798592783e-07,1.581434283463037e-08
13,0.38039219,58.78686243549512,5.866248452113249e-07,1.889666426206017e-08
13,0.38431376,57.16656912646089,6.319682614815761e-07,1.770849790757256e-08
13,0.38823533,54.28527819923048,6.804391312711662e-07,1.721007655852763e-08
13,0.3921569,56.85411856133784,7.305427856634152e-07,1.947496616393082e-08
13,0.39607847,58.10383819859885,7.830771543024139e-07,1.904930688163283e-08
13,0.40000004,57.03162162722646,8.404699151528156e-07,2.337460710116533e-08
13,0.4039216,55.73011451547952,9.014043772390818e-07,2.30290166798457e-08
13,0.40784317,55.96594265463089,9.657333540603587e-07,2.387132765027533e-08
13,0.41176474,53.23488978844236,1.032814052302931e-06,2.559644513868931e-08
13,0.41568631,52.49614062063979,1.102252658592749e-06,2.47546449773394e-08
13,0.41960788,59.1905513367553,1.178657715192839e-06,2.749190984591186e-08
13,0.42352945,56.52596435562158,1.258743678035707e-06,2.983891208790468e-08
13,0.42745101,56.49883123363549,1.341755960338972e-06,3.170750822160504e-08
13,0.43137258,55.23554450359797,1.430732328771246e-06,3.279554101142385e-08
13,0.43529415,55.61428304984184,1.524168166372192e-06,3.343095052711877e-08
13,0.43921572,53.97046609684523,1.619705708708851e-06,3.811711579000828e-08
13,0.44313729,54.87539171181738,1.717277044887634e-06,3.997439104657069e-08
13,0.44705886,55.76614502984199,1.827884806686854e-06,3.625429477294342e-08
13,0.45098042,55.08166065985672,1.930587110871463e-06,4.113057896618881e-08
13,0.45490199,53.79649532115248,2.041061079883681e-06,4.187658727220315e-08
13,0.45882356,55.06066591507761,2.157673868143634e-06,4.283938481157732e-08
13,0.46274513,57.00945874970071,2.276447912320429e-06,4.639575336062453e-08
13,0.4666667,56.55012089785887,2.396112436843717e-06,4.783763932185053e-08
13,0.47058827,58.29288370473914,2.520456406827087e-06,4.829999892043145e-08
13,0.47450984,56.52486944835475,2.642815485777916e-06,4.98402594319025e-08
13,0.4784314,58.61082483830564,2.769681537753847e-06,5.323690733680769e-08
13,0.48235297,56.24502493673413,2.894936612555586e-06,4.895216493249197e-08
13,0.48627454,59.24319280609335,3.017750277985489e-06,5.125963974411355e-08
13,0.49019611,55.61099348094795,3.143639771584661e-06,5.425590288393033e-08
13,0.49411768,57.60660866358776,3.262414397301389e-06,5.908381214018378e-08
13,0.49803925,55.71223287534929,3.385407060450325e-06,5.549656823147069e-08
13,0.50196075,57.97461272126036,3.504801396343333e-06,5.466509190518153e-08
13,0.50588232,51.68749898794609,3.62530836456827e-06,5.385490330681e-08
13,0.50980389,62.21012679873093,3.747799056521409e-06,5.79437812901174e-08
13,0.51372546,54.45705191875109,3.861346568335219e-06,5.596147600276114e-08
13,0.51764703,54.70489549891364,3.978888613017978e-06,5.661840373275356e-08
13,0.5215686,58.06739360666928,4.097362241423103e-06,5.844598502461084e-08
13,0.52549016,58.51583203370193,4.2057117946914e-06,6.806171946676732e-08
13,0.52941173,53.91604787652138,4.31239783393753e-06,6.465200913959075e-08
13,0.5333333,58.24110235672,4.425279099565684e-06,6.453060036200042e-08
13,0.53725487,59.30694236594107,4.530881833606264e-06,6.949082904990437e-08
13,0.54117644,56.89011398431289,4.631185161207033e-06,6.977292785347091e-08
13,0.54509801,57.56466585513034,4.735249332160793e-06,7.000154540420923e-08
13,0.54901958,50.91759517205542,4.835699491339267e-06,6.755712441375745e-08
13,0.55294114,54.6901287364981,4.935870695300734e-06,7.45435942987938e-08
13,0.55686271,56.52123142241403,5.028873121818182e-06,8.022213204196889e-08
13,0.56078428,58.80434092896618,5.114700983927707e-06,7.67606924251452e-08
13,0.56470585,56.36236632579196,5.20531523699283e-06,7.518913869545313e-08
13,0.56862742,57.31710437209694,5.295362531120353e-06,7.407362458978801e-08
13,0.57254899,59.63901544116928,5.373648510692436e-06,6.974173226000616e-08
13,0.57647055,53.45849697422956,5.453210054270016e-06,7.183487113752447e-08
13,0.58039212,57.17071286653233,5.527179282762374e-06,7.712394127625105e-08
13,0.58431369,59.20751141547531,5.60371744239425e-06,7.610081105799902e-08
13,0.58823526,58.84893964071294,5.664291490523054e-06,7.080249689665951e-08
13,0.59215683,56.3481563467646,5.722746684347369e-06,6.987565840914725e-08
13,0.5960784,55.89467648448547,5.773203906695066e-06,7.077263036153709e-08
13,0.59999996,55.90298533335763,5.819839257840801e-06,6.544990371716539e-08
13,0.60392153,52.14786595491284,5.873819752052849e-06,6.350592672322252e-08
13,0.6078431,59.15544211534003,5.914652174737793e-06,6.418773364515492e-08
13,0.61176467,54.53416897115909,5.948415314245541e-06,5.119154579326358e-08
13,0.61568624,54.85441048826754,5.983399264802329e-06,5.465246554944002e-08
13,0.61960781,51.3057488324138,6.00978212519937e-06,5.58728525463618e-08
13,0.62352937,55.97062611200435,6.028935886563899e-06,5.542332555477395e-08
13,0.62745094,51.54701819378078,6.049250906937666e-06,5.426633826379113e-08
13,0.63137257,53.36594402708008,6.083062772282343e-06,6.439340445621259e-08
13,0.63529408,57.16297182586439,6.111638629714828e-06,6.878934706244493e-08
13,0.63921571,60.35483098318933,6.117149411665815e-06,6.408663709718339e-08
13,0.64313722,101.1390166584951,6.205198481084685e-06,9.633626346429989e-08
13,0.64705884,128.8298812635046,6.231085564540228e-06,1.066298927474749e-07
13,0.65098035,63.92722516414382,6.132071036791708e-06,6.827306758627365e-08
13,0.65490198,64.25207828052265,6.117498698878598e-06,6.85178625011921e-08
13,0.65882349,56.11078584622428,6.094021205527843e-06,6.391327925218229e-08
13,0.66274512,57.22296448716444,6.0694005780603e-06,5.959835870453577e-08
13,0.66666663,56.51447423791192,6.048355068942811e-06,5.657673756052401e-08
13,0.67058825,55.73264677657151,6.029141807317504e-06,6.142464324833927e-08
13,0.67450976,53.92851964148489,6.006398354605424e-06,5.73604458352876e-08
13,0.67843139,55.48414615254674,5.980345256522242e-06,5.716674780925897e-08
13,0.6823529,57.05867032097294,5.94807523799003e-06,6.065559843535491e-08
13,0.68627453,54.65691742885703,5.914030442507266e-06,6.451849082864083e-08
13,0.69019604,57.5568445153603,5.879838188640539e-06,6.418147937170737e-08
13,0.69411767,55.59356128940613,5.832429301964653e-06,6.593127263189476e-08
13,0.69803917,52.34059250418115,5.793223683854167e-06,7.461316757241317e-08
13,0.7019608,55.76443421301996,5.744119203241659e-06,7.531071325726468e-08
13,0.70588231,56.7506741836722,5.689251852095638e-06,7.875133907880996e-08
13,0.70980394,59.14170872340328,5.633650312780015e-06,8.323340251092434e-08
13,0.71372545,55.81254606540355,5.573261946588886e-06,8.211084098556635e-08
13,0.71764708,57.67961672427335,5.512310053784256e-06,8.328395169066977e-08
13,0.72156858,57.89654785525592,5.447924522640765e-06,7.933541444719858e-08
13,0.72549021,56.31175279297978,5.377428869180187e-06,8.690657063318601e-08
13,0.72941172,54.93233528461175,5.302264473958546e-06,8.876304229984787e-08
13,0.73333335,53.05068773404156,5.223625333020982e-06,8.502699616132903e-08
13,0.73725486,57.13827388394539,5.146213191457865e-06,9.329064639223491e-08
13,0.74117649,60.21113666687145,5.060625816168798e-06,8.777910652239985e-08
13,0.74509799,58.55974189574186,4.97634299759554e-06,9.115946768757753e-08
13,0.74901962,57.21592868155241,4.887159414220543e-06,9.6636995236916e-08
13,0.75294113,58.50942156231211,4.797928023982343e-06,9.950780971123738e-08
13,0.75686276,57.93754782541679,4.698033770878977e-06,9.572118131127783e-08
13,0.76078427,55.87378254989233,4.600913167649933e-06,9.733181820140051e-08
13,0.7647059,57.43901721307466,4.500377343215869e-06,9.635083412231555e-08
13,0.76862741,64.40177539437171,4.403165228275469e-06,9.730816407809751e-08
13,0.77254903,58.77410015316111,4.297742718841114e-06,9.964593724339886e-08
13,0.77647054,59.16627652135321,4.185498972124611e-06,9.888454986973738e-08
13,0.78039217,57.85820047110352,4.070874164890276e-06,9.618045516676411e-08
13,0.78431368,62.71829061465181,3.959708933680561e-06,9.380012368095018e-08
13,0.78823531,63.4128361717921,3.840400528006723e-06,9.666749532918776e-08
13,0.79215682,57.64129228026292,3.730222149731806e-06,9.929596053817045e-08
13,0.79607844,57.39188274655715,3.603830232279842e-06,9.142952915109125e-08
13,0.79999995,56.11509498178368,3.483934269697834e-06,9.159693053115129e-08
13,0.80392158,59.78099145887273,3.356539833248942e-06,8.466879815022604e-08
13,0.80784309,61.82492247439431,3.232786614957612e-06,8.697812985913188e-08
13,0.81176472,58.14849966423431,3.101035452529463e-06,8.202290547609555e-08
13,0.81568629,57.1944417852265,2.974700596902621e-06,7.528201259373553e-08
13,0.81960785,58.2727166990945,2.845602759489455e-06,7.580665725743487e-08
13,0.82352942,60.82729459454597,2.715192241793877e-06,7.711930227298586e-08
13,0.82745099,61.26706849501213,2.584742816546726e-06,7.131240401942844e-08
13,0.83137256,58.39059321977724,2.454256847474853e-06,7.282006725909276e-08
13,0.83529413,58.98216621108772,2.319963250513352e-06,7.035442672456869e-08
13,0.8392157,56.56102841594227,2.186134371987916e-06,6.771136909108612e-08
13,0.84313726,53.45042453568234,2.054495418648884e-06,6.93761277910906e-08
13,0.84705883,55.60912063834159,1.924849910987912e-06,6.633000722359915e-08
13,0.8509804,60.81062497850893,1.787098427051342e-06,5.526077092542075e-08
13,0.85490197,56.49223204866316,1.656309303623691e-06,5.545320687661238e-08
13,0.85882354,56.58062713387393,1.521930624180714e-06,5.049222895370554e-08
13,0.86274511,54.0954018146122,1.390382356250733e-06,4.819309515556116e-08
13,0.86666667,52.9819113390181,1.264735610003454e-06,4.54101927754905e-08
13,0.87058824,57.74224734983844,1.139540082025153e-06,3.749137968485384e-08
13,0.87450981,58.96029515424821,1.018067843910888e-06,3.366407740368004e-08
13,0.87843138,56.49949174849083,9.026602452109361e-07,3.260144122190604e-08
13,0.88235295,57.93395880499885,7.897999533147964e-07,2.767080443758755e-08
13,0.88627452,59.26938629210899,6.827445424095668e-07,2.403479382205192e-08
13,0.89019608,57.52478923968882,5.822928177665194e-07,2.175161747464388e-08
13,0.89411765,59.3202499128668,4.894301810723016e-07,1.814400640483244e-08
13,0.89803922,56.59376164284603,4.02953700324392e-07,1.619394131873915e-08
13,0.90196079,57.02315828244682,3.251461573276122e-07,1.389841597659681e-08
13,0.90588236,55.02076303744922,2.556491019181892e-07,1.187020261564187e-08
13,0.90980393,58.05755655916668,1.953228092082227e-07,9.453180533947138e-09
13,0.9137255,60.45084895584877,1.456378825221592e-07,7.246614337448405e-09
13,0.91764706,75,1.016255037125275e-07,3.994297621324039e-09
13,0.92156863,81,6.81220956565775e-08,2.908794113856249e-09
13,0.9254902,75,4.27626898697825e-08,1.991721463698804e-09
13,0.92941177,71,2.458842457689e-08,1.263828446036494e-09
13,0.93333334,64,1.23670700587725e-08,6.952991845232255e-10
13,0.93725491,60,4.651634607951251e-09,3.230000688893793e-10
13,0.94117647,54.99999983714293,6.673741267509758e-09,1.660887997116481e-08
13,0.94509804,69.0000001441605,-6.287232515449658e-09,8.231822350993456e-09
13,0.94901961,72.00000008615021,-7.307948175677864e-09,9.354815324801069e-09
13,0.95294118,68.00000028554332,-6.80676353560012e-09,9.933529428051791e-09
13,0.95686275,57.99999987649554,-4.923179497983147e-09,1.074815345867439e-08
13,0.96078432,65.99999996920657,-7.099635370159355e-09,1.137521573718908e-08
13,0.96470588,84.99999992948811,-7.32868760853429e-09,5.926611680634328e-09
13,0.96862745,71.00000012393735,-7.650443277039387e-09,1.066666102059112e-08
13,0.97254902,57,-1.241201132309425e-10,1.737453710286654e-10
13,0.97647059,65.99999993666815,-7.633080538901425e-09,1.264981344478524e-08
13,0.98039216,72.99999998124855,-6.786196392715097e-09,8.176283776867096e-09
13,0.98431373,76.00000011975098,-8.023711293399741e-09,9.6997792857382e-09
13,0.98823529,78.00000002930638,-7.78552531878328e-09,8.593778931307636e-09
13,0.99215686,58.99999984400432,-4.890508332333958e-09,1.023477891632196e-08
13,0.99607843,70.00000011536531,-7.682912401862073e-09,1.105910647198828e-08
13,1,63.99999985333699,-5.301250724709468e-09,8.72975207624395e-09
14,0,65,-6.3764233464759e-10,1.056253267198377e-09
14,0.0039215689,62.00000000472488,-6.881350625173096e-09,1.294978529360411e-08
14,0.0078431377,71.00000003913365,-6.587499013190883e-09,8.516340759271074e-09
14,0.011764707,68.99999975461556,-6.617720257671962e-09,9.256684224884973e-09
14,0.015686275,66.00000014836996,-6.686074719443307e-09,1.057262803106237e-08
14,0.019607844,65.0000001037691,-5.997112713079505e-09,9.651058319309445e-09
14,0.023529414,65,-9.995832719563675e-11,1.834754467757324e-10
14,0.027450982,65.00000007239818,-6.051830576241846e-09,9.749818941477448e-09
14,0.031372551,65.99999993409176,-5.500215177265031e-09,8.32172556427667e-09
14,0.035294119,67.99999992736535,-7.214996630035463e-09,1.090146475588099e-08
14,0.039215688,66,-1.060970339582375e-10,1.773248516387117e-10
14,0.043137256,71.00000007488106,-7.402778004652518e-09,1.016375780237283e-08
14,0.047058828,60.00000003828647,-5.721792645477555e-09,1.136895114919441e-08
14,0.050980397,62,-1.284644959716223e-10,1.779927666499907e-10
14,0.054901965,71.00000009405385,-6.635712175023419e-09,8.590198297362867e-09
14,0.058823533,56.99999996400759,-4.927183202588202e-09,1.136979769594215e-08
14,0.062745102,60,-1.020838822111763e-10,1.816593850166205e-10
14,0.06666667,68.9999998573971,-5.444413150038638e-09,7.227893540562712e-09
14,0.070588239,65.00000002737893,-5.187542987313668e-09,8.16176536446198e-09
14,0.074509807,59.99999998185334,-5.438156575098927e-09,1.078928585639367e-08
14,0.078431375,63.99999981469471,-5.742817927316035e-09,9.586511662284616e-09
14,0.082352944,67.9999999516818,-6.30626393969268e-09,9.075092611599046e-09
14,0.086274512,67.99999993240432,-6.479381061093132e-09,9.376180134955177e-09
14,0.090196081,61.99999984099932,-5.634130552043969e-09,1.020596494006978e-08
14,0.094117656,71.99999978560743,-7.221795492953723e-09,9.391074323515332e-09
14,0.098039225,66.99999979293779,-5.058932465505991e-09,7.295161677455057e-09
14,0.10196079,66.00000008767275,-6.547213237328297e-09,1.032988017330087e-08
14,0.10588236,63.00000006420908,-5.636951724643277e-09,9.785823989609115e-09
14,0.10980393,66.00000000371043,-5.402278307847747e-09,8.137906923204001e-09
14,0.1137255,68.99999997326631,-7.398472799031871e-09,1.091058195735103e-08
14,0.11764707,54.99999987263918,-5.719788971454492e-09,1.428202314659036e-08
14,0.12156864,66.99999973602168,-7.071376255375332e-09,1.102100889724488e-08
14,0.1254902,63.00000002198909,-6.177682959904957e-09,1.08657898550272e-08
14,0.12941177,65.0000000842157,-6.351259907924226e-09,1.031305556311912e-08
14,0.13333334,76.00000024671728,-6.842552092825547e-09,7.426077775055732e-09
14,0.13725491,61.00000002718566,-5.534900328296641e-09,1.053997374829364e-08
14,0.14117648,61.00000024257963,-4.821534666720879e-09,9.217911439490873e-09
14,0.14509805,62.0000002101359,-6.009099866188314e-09,1.099047687811792e-08
14,0.14901961,71.99999988901091,-6.580857736428707e-09,8.138720864859488e-09
14,0.15294118,63.99999995146607,-6.472668916766983e-09,1.10444292405423e-08
14,0.15686275,76.00000009903017,-6.698531577920983e-09,7.208366125884012e-09
14,0.16078432,71.99999982657138,-7.141154219093122e-09,9.256522398875668e-09
14,0.16470589,59.9999999308588,-5.14807854760264e-09,1.022760231436277e-08
14,0.16862746,74.99999991852204,-6.545581469384696e-09,7.178255807818459e-09
14,0.17254902,66.0000000033894,-6.238406506882929e-09,9.696383438078875e-09
14,0.17647059,76.00000009174204,-6.792366946733706e-09,7.367270257254539e-09
14,0.18039216,72.00000006041967,-6.916537694563732e-09,8.819243360720765e-09
14,0.18431373,60.00000000885456,-6.044203180920097e-09,1.204614230921222e-08
14,0.18823531,71.00000004893948,-7.055492024826756e-09,9.380166556725769e-09
14,0.19215688,62.99999996590487,-5.992688732429113e-09,1.049034776775868e-08
14,0.19607845,67.00000013286284,-6.285008426328872e-09,9.416896814928027e-09
14,0.20000002,61.00000006014974,-5.833737909974989e-09,1.113002616481266e-08
14,0.20392159,70.99999993413903,-5.891864950903484e-09,7.256763436570628e-09
14,0.20784315,77.99999985041016,-7.697307480959569e-09,8.422447592955915e-09
14,0.21176472,70.99999997632962,-6.499905308822188e-09,8.363251330400758e-09
14,0.21568629,71.99999994553102,-6.515843520853354e-09,8.081605541312076e-09
14,0.21960786,60.99999999166936,-5.417876910190402e-09,1.029952324335391e-08
14,0.22352943,65.00000020289427,-5.814810623780928e-09,9.268771044957476e-09
14,0.227451,71.99999981329189,-6.168790091921094e-09,7.45771854473086e-09
14,0.23137257,64.00000017839933,-5.958996998145974e-09,9.991547985656006e-09
14,0.23529413,64.00000011873144,-5.696506111374534e-09,9.513756355394383e-09
14,0.2392157,66.00000004672546,-7.429225143889985e-09,1.224886194897681e-08
14,0.24313727,65.00000015336383,-5.515682642684894e-09,8.720231849649275e-09
14,0.24705884,69.99999989174347,-6.592784051130024e-09,8.852774765566145e-09
14,0.25098041,56.00000017178264,-4.505775502536785e-09,1.108977950466984e-08
14,0.25490198,65.0000000157698,-6.083629401941157e-09,9.844396563313833e-09
14,0.25882354,56.20626851759744,1.567584782103839e-07,6.542877096820673e-09
14,0.26274511,54.01718761773942,1.498442604425334e-07,5.90141354824106e-09
14,0.26666668,54.99003624382645,1.471046212872887e-07,6.680119331249812e-09
14,0.27058825,56.55910321952662,1.446324048487264e-07,7.495257359175604e-09
14,0.27450982,55,1.42040322488275e-07,7.773624530419001e-09
14,0.27843139,59.43175871869282,1.383836341415402e-07,7.693104180817806e-09
14,0.28235295,55.41057736069478,1.339836597060753e-07,7.504153305600239e-09
14,0.28627452,55.77550052900597,1.299579531283506e-07,6.727819273288385e-09
14,0.29019609,56.37835702119288,1.257717751673187e-07,6.869381546860819e-09
14,0.29411766,55.68018699686374,1.230524811944848e-07,5.703091210107745e-09
14,0.29803923,55.03532149157352,1.213440871956458e-07,5.813396657990102e-09
14,0.3019608,56.55730675498965,1.208250845962683e-07,5.766872745708357e-09
14,0.30588236,56.03239022439323,1.218671023047632e-07,6.296548072340871e-09
14,0.30980393,55.76882820923998,1.241999530021151e-07,5.472134961931554e-09
14,0.3137255,61.01826217347854,1.278458577214344e-07,5.63443494421251e-09
14,0.31764707,50.44973965573608,1.312894519633114e-07,5.736370373383449e-09
14,0.32156864,54.07673313201602,1.369985997879989e-07,6.692217230646131e-09
14,0.32549021,54.61335460255305,1.438195168591918e-07,6.458516983780477e-09
14,0.32941177,57.08688680584724,1.51826610808129e-07,7.106595993077184e-09
14,0.33333334,56.11596685408243,1.615108912885715e-07,7.071936012146553e-09
14,0.33725491,56.69024611252181,1.721698800407896e-07,7.835447600128866e-09
14,0.34117648,57.85368437919536,1.845169681402483e-07,7.973364595977293e-09
14,0.34509805,57.53226374920561,1.985075606664257e-07,8.732122297886038e-09
14,0.34901962,55.36859358853297,2.138664003065128e-07,9.53404567691793e-09
14,0.35294119,57.07333742543693,2.308175114799221e-07,9.550631252105811e-09
14,0.35686275,56.67889184886206,2.510917721529127e-07,1.094411401902668e-08
14,0.36078432,58.95511378401975,2.71369733161581e-07,1.123926420543803e-08
14,0.36470589,55.44999363820709,2.954054267802697e-07,1.235757323994494e-08
14,0.36862746,52.12217238026349,3.20314798507755e-07,1.227718256343224e-08
14,0.37254903,54.98296093063549,3.483086042403688e-07,1.384601839161176e-08
14,0.37647063,52.16837640788555,3.77863404010501e-07,1.482785371589751e-08
14,0.38039219,53.6973810846493,4.106701912250043e-07,1.499254131443552e-08
14,0.38431376,54.78237474190437,4.445827020619551e-07,1.503508272770741e-08
14,0.38823533,53.84050507592085,4.815193239913429e-07,1.612078312504977e-08
14,0.3921569,55.75674814966708,5.214454325983696e-07,1.776018840359884e-08
14,0.39607847,53.365537272708,5.63032206751794e-07,1.813666770169479e-08
14,0.40000004,55.71453296706683,6.082955222443113e-07,1.878275349903416e-08
14,0.4039216,55.29927112708433,6.553438859818236e-07,1.833596984739398e-08
14,0.40784317,59.54519877820383,7.049368611848413e-07,2.066274493530566e-08
14,0.41176474,54.43546634517649,7.587295514176758e-07,2.037537550916772e-08
14,0.41568631,53.21390091251678,8.140054000653353e-07,1.959902781888819e-08
14,0.41960788,52.01968847066029,8.740710585022723e-07,2.251058499666451e-08
14,0.42352945,56.18261509081504,9.37047566270153e-07,2.48763568945729e-08
14,0.42745101,60.3694705582109,1.003463580262105e-06,2.568789700101474e-08
14,0.43137258,55.40029556479851,1.073800377259016e-06,2.850961499412335e-08
14,0.43529415,59.90815078526212,1.147214327171144e-06,2.913727887618391e-08
14,0.43921572,53.85579806273486,1.222508472013799e-06,2.969458574538421e-08
14,0.44313729,57.52709138995741,1.307278822273186e-06,3.190304247806296e-08
14,0.44705886,53.55339028003207,1.394790349573584e-06,3.283013118409473e-08
14,0.45098042,53.28208532694071,1.485949750198887e-06,3.484503581268693e-08
14,0.45490199,57.45843699746775,1.582516045089168e-06,3.647589486107967e-08
14,0.45882356,53.74462444601874,1.682699109222984e-06,3.785895315768016e-08
14,0.46274513,59.0339535740294,1.785114312301039e-06,4.133897277147645e-08
14,0.4666667,56.21609761825017,1.893823823870677e-06,4.371023782596393e-08
14,0.47058827,59.8786481384943,2.004390256468349e-06,4.042100114166537e-08
14,0.47450984,57.14164507190799,2.120634864449795e-06,4.86382881239615e-08
14,0.4784314,53.06464382166914,2.23592162119815e-06,4.404284979383083e-08
14,0.48235297,57.25552644671174,2.353557690516325e-06,4.706995190154736e-08
14,0.48627454,55.34185757946492,2.479674463611476e-06,4.764184265245251e-08
14,0.49019611,57.1392590625946,2.604056358578122e-06,4.9730950945897e-08
14,0.49411768,53.99872432476912,2.732325813571148e-06,5.475365392299525e-08
14,0.49803925,54.12756128562588,2.854865920880561e-06,5.427617321283365e-08
14,0.50196075,56.78180196884596,2.981000170236265e-06,5.471354037245605e-08
14,0.50588232,53.17096979185546,3.106908463071672e-06,5.424914245184767e-08
14,0.50980389,56.82575089315468,3.229116057471715e-06,4.810446056008205e-08
14,0.51372546,55.7855518205871,3.353754753176272e-06,5.164350311199836e-08
14,0.51764703,53.99862890528861,3.472333231113807e-06,5.434836810884978e-08
14,0.5215686,57.84431805865506,3.59565827159569e-06,5.182439212085844e-08
14,0.52549016,52.74787315891529,3.711821442166886e-06,5.373750086116977e-08
14,0.52941173,57.34391284934532,3.825514692703124e-06,6.410100893958561e-08
14,0.5333333,54.34579134438438,3.941425958634052e-06,5.463836089464157e-08
14,0.53725487,54.02267863756363,4.054327788352216e-06,5.234261361164501e-08
14,0.54117644,57.33707464680393,4.170287508532431e-06,5.538111298721547e-08
14,0.54509801,57.014749097955,4.274873637414871e-06,5.704331365208938e-08
14,0.54901958,55.40078443832419,4.382364477195107e-06,4.8858424342692e-08
14,0.55294114,56.64195601710181,4.490722269440657e-06,5.76276221147293e-08
14,0.55686271,56.16606185583761,4.594741162881102e-06,5.902340495427746e-08
14,0.56078428,54.96902587731613,4.69710480094303e-06,6.094193644922572e-08
14,0.56470585,58.6163428050907,4.793013674652662e-06,6.222089293942376e-08
14,0.56862742,54.20926090171039,4.888432308511735e-06,5.965794761648769e-08
14,0.57254899,54.39122515582527,4.982227824420053e-06,5.449104509427178e-08
14,0.57647055,54.49063927472779,5.075344216385953e-06,6.037894172490429e-08
14,0.58039212,57.39669183592364,5.159408255245322e-06,6.061737955108417e-08
14,0.58431369,53.34816285411237,5.246022783822864e-06,5.94671429014525e-08
14,0.58823526,55.33655299969882,5.326924528719086e-06,5.871852813236635e-08
14,0.59215683,57.9868267847999,5.412126303319257e-06,6.24546957559468e-08
14,0.5960784,54.52825955886047,5.486153406339889e-06,6.098271008172986e-08
14,0.59999996,53.86660743058081,5.552326628779129e-06,6.168570607472783e-08
14,0.60392153,54.28045561489191,5.625189493806481e-06,5.847302843347786e-08
14,0.6078431,55.35375103167443,5.686411674044355e-06,5.922293245468979e-08
14,0.61176467,55.44560899694705,5.744799928421491e-06,5.771597918871096e-08
14,0.61568624,56.3883973316804,5.796048177965673e-06,5.851548325134919e-08
14,0.61960781,57.91337024598926,5.840863243616458e-06,5.779451514455708e-08
14,0.62352937,57.03966507869077,5.885440292049131e-06,6.050402140057044e-08
14,0.62745094,56.90123562922724,5.927122174572159e-06,6.060277139769082e-08
14,0.63137257,54.43199035100299,5.960159436577638e-06,5.860659385916745e-08
14,0.63529408,59.68834360570383,5.985796521722917e-06,5.587681102487975e-08
14,0.63921571,59.30416691431925,6.014345695010946e-06,5.382032679353726e-08
14,0.64313722,52.57216617369578,6.032552597876681e-06,5.189901134546869e-08
14,0.64705884,52.12997728060898,6.056388745328946e-06,5.406197406288968e-08
14,0.65098035,54.59345021018939,6.07928110507587e-06,5.87268869889757e-08
14,0.65490198,55.3925245421399,6.09477693223231e-06,5.651655199052836e-08
14,0.65882349,86.46278719642139,6.18387370675843e-06,9.421841023355081e-08
14,0.66274512,127.8916292971594,6.230574350253504e-06,1.077688937930542e-07
14,0.66666663,81.53286284753645,6.166324693503488e-06,7.86090294504614e-08
14,0.67058825,70.71136621604779,6.155611396410115e-06,7.562568298996983e-08
14,0.67450976,66.93362539774037,6.146396321782474e-06,7.940438668695367e-08
14,0.67843139,54.2798955778288,6.085742386848893e-06,5.232842659996681e-08
14,0.6823529,52.37137349336447,6.071732146432477e-06,5.243253118856869e-08
14,0.68627453,53.95077657128277,6.046918894570873e-06,5.10821432407014e-08
14,0.69019604,56.83745424713423,6.032573187375425e-06,5.093651501899159e-08
14,0.69411767,57.87012294928929,6.010178737620075e-06,5.540481589571629e-08
14,0.69803917,54.63975119585951,5.982674428127776e-06,5.270635411113839e-08
14,0.7019608,57.96128295007667,5.953521484177719e-06,5.416757755782822e-08
14,0.70588231,58.32000703696573,5.922117757545932e-06,5.76297740568409e-08
14,0.70980394,56.68410547720028,5.883787943805539e-06,5.488021290894317e-08
14,0.71372545,56.02649828235635,5.851231428402775e-06,5.600939891096254e-08
14,0.71764708,53.3749740343461,5.811051926095064e-06,5.620710121018114e-08
14,0.72156858,54.52788752785302,5.763900375371114e-06,5.668615265265888e-08
14,0.72549021,55.93203092216769,5.716111202270979e-06,5.848201940389708e-08
14,0.72941172,56.79586088967007,5.660724212663378e-06,6.311666896863417e-08
14,0.73333335,54.48130803157203,5.60653406825454e-06,5.456863296661821e-08
14,0.73725486,54.96414009290893,5.544540298748029e-06,5.544054630059945e-08
14,0.74117649,55.77119442524958,5.479484034514557e-06,5.889006129256563e-08
14,0.74509799,54.39967712090818,5.412849677717596e-06,5.804940149565249e-08
14,0.74901962,54.36467096453452,5.342185666298171e-06,5.434815849998011e-08
14,0.75294113,56.57771191410392,5.261774539911421e-06,5.558473332322465e-08
14,0.75686276,57.43087881199403,5.183000935453096e-06,5.76720779473273e-08
14,0.76078427,53.92137879665376,5.098444593844814e-06,5.96097364527615e-08
14,0.7647059,57.11750729517144,5.014548632574165e-06,5.975598932295132e-08
14,0.76862741,58.39970959607492,4.924634326715627e-06,5.583433663867435e-08
14,0.77254903,57.1123810059113,4.829257828817126e-06,5.527685560630044e-08
14,0.77647054,56.94290607981246,4.739199688356244e-06,5.783772665715343e-08
14,0.78039217,59.09443847321448,4.642054248332046e-06,5.725404150536625e-08
14,0.78431368,57.94649837549478,4.536979834878003e-06,5.339909825573453e-08
14,0.78823531,54.62164797524876,4.433801145481646e-06,5.161916644989137e-08
14,0.79215682,56.59262853254278,4.324760576635807e-06,5.361267530538366e-08
14,0.79607844,52.77339287747913,4.213844816877641e-06,5.202776253837349e-08
14,0.79999995,55.01737076547442,4.102256666742982e-06,5.17544195307956e-08
14,0.80392158,56.14747933825109,3.987119393260419e-06,5.170484317693292e-08
14,0.80784309,57.10062098778883,3.869455471932295e-06,5.300664599131723e-08
14,0.81176472,56.29552381741458,3.751032005699191e-06,4.952615927867908e-08
14,0.81568629,56.10044942643587,3.625998965038793e-06,5.152524172394164e-08
14,0.81960785,55.48661462122552,3.503809646992804e-06,5.415036642069107e-08
14,0.82352942,52.76537795604909,3.380261375667475e-06,4.928140141700111e-08
14,0.82745099,57.46413284839229,3.252456648960734e-06,4.748716502530566e-08
14,0.83137256,55.57936499105063,3.122470641762191e-06,4.540086230054336e-08
14,0.83529413,51.89547839403993,2.99383792433732e-06,4.60508381581139e-08
14,0.8392157,53.52234186485893,2.865056444851613e-06,4.436382440200701e-08
14,0.84313726,58.56477902207029,2.732715184871898e-06,4.363094583668502e-08
14,0.84705883,59.32546837379154,2.602214981416329e-06,3.979139110910511e-08
14,0.8509804,57.79290109740766,2.469952715690069e-06,3.9781172843707e-08
14,0.85490197,55.0889451333686,2.335175374943591e-06,3.82163378602125e-08
14,0.85882354,58.82928798714329,2.200018023565466e-06,3.737684780255309e-08
14,0.86274511,54.26768453297792,2.064364323087103e-06,3.501959572966655e-08
14,0.86666667,53.89176260150969,1.930059597839987e-06,3.344578516090456e-08
14,0.87058824,55.61659585937761,1.795554280475778e-06,3.170822711692122e-08
14,0.87450981,57.452182724468,1.66021449772873e-06,2.948313607836215e-08
14,0.87843138,60.71801324588912,1.529624493963606e-06,2.925743328509849e-08
14,0.88235295,57.16590095429456,1.398482601128791e-06,2.594948657135115e-08
14,0.88627452,57.98619886653081,1.269758683282889e-06,2.412423906179041e-08
14,0.89019608,57.71342331789255,1.144556740336182e-06,2.078334936324439e-08
14,0.89411765,57.04751360718474,1.022731694784033e-06,1.937597102898574e-08
14,0.89803922,60.06738662996147,9.056133201244809e-07,1.699058765355453e-08
14,0.90196079,56.7888241600938,7.926427942617863e-07,1.457237912155799e-08
14,0.90588236,55.7795237080545,6.854867954546537e-07,1.290364300408944e-08
14,0.90980393,56.12431548944022,5.846346990482688e-07,1.19557109843997e-08
14,0.9137255,55.56045755088005,4.911135579924326e-07,9.961809236832366e-09
14,0.91764706,54.77677457676768,4.050528199478931e-07,8.280678807721159e-09
14,0.92156863,56.97086346166479,3.267630751386599e-07,6.705068735983615e-09
14,0.9254902,58.85472631766705,2.569755694631933e-07,4.931336038154904e-09
14,0.92941177,58.38675534395125,1.965687103640279e-07,4.679762676281428e-09
14,0.93333334,57,1.4464723598015e-07,3.000240360909904e-09
14,0.93725491,70,1.022657134364475e-07,2.213981232205363e-09
14,0.94117647,74,6.86312107595e-08,1.556532973526082e-09
14,0.94509804,53,4.315547985076751e-08,1.048508650853337e-09
14,0.94901961,56,2.48694144723225e-08,6.467461575491874e-10
14,0.95294118,65,1.250973533362e-08,3.690071527733299e-10
14,0.95686275,68,4.689485632047501e-09,2.161767318924628e-10
14,0.96078432,79.99999990577572,7.75712736441637e-09,8.079943848052754e-09
14,0.96470588,67.9999999420758,-6.751094637269304e-09,9.523869385292654e-09
14,0.96862745,75.00000001240255,-6.899219364809923e-09,7.697060189333687e-09
14,0.97254902,65.99999989889426,-5.94164089117207e-09,9.02942167766723e-09
14,0.97647059,71.99999991104431,-6.155034330368256e-09,7.327750863567467e-09
14,0.98039216,72.99999999631322,-6.80144201101861e-09,8.162466247965901e-09
14,0.98431373,59.99999994271421,-5.638814928115805e-09,1.115781089412412e-08
14,0.98823529,73.00000015487633,-6.196125532180744e-09,7.217441618497444e-09
14,0.99215686,59.00000031325116,-4.437214015830414e-09,9.384469363539878e-09
14,0.99607843,66.00000009704131,-6.683424364209271e-09,1.052215765105378e-08
14,1,71.00000015971872,-5.95373590406178e-09,7.341611849511876e-09
15,0,66,-5.85996221095504e-10,9.860852120134286e-10
15,0.0039215689,73.00000002953328,-6.986311913335167e-09,8.568179366853388e-09
15,0.0078431377,70.00000001367751,-6.98437666791232e-09,9.6384780698293e-09
15,0.011764707,62.99999982722396,-5.593289359172016e-09,9.740065662109951e-09
15,0.015686275,65.0000000492945,-5.684761066104411e-09,9.067097653099815e-09
15,0.019607844,61.99999992888522,-5.765875390600009e-09,1.04931394684431e-08
15,0.023529414,76.99999986302736,-7.097424677795384e-09,7.564343096182797e-09
15,0.027450982,62.00000002789496,-5.902683281928364e-09,1.075034491598251e-08
15,0.031372551,69.99999981874805,-5.820166119515982e-09,7.535719590799912e-09
15,0.035294119,57.00000012130239,-4.866303791659504e-09,1.124245785426498e-08
15,0.039215688,64.00000005042072,-6.587179206819747e-09,1.126030965673074e-08
15,0.043137256,80.99999993732467,-6.662384575333854e-09,5.868564615910297e-09
15,0.047058828,58.00000010774036,-5.513732908035898e-09,1.198763734500003e-08
15,0.050980397,65.00000006822803,-6.789924211791064e-09,1.127522546785508e-08
15,0.054901965,71.00000014931256,-6.61283695280343e-09,8.576282143965896e-09
15,0.058823533,71.00000002948791,-5.157793552356077e-09,6.206197510228046e-09
15,0.062745102,69.9999999463619,-5.981906003181711e-09,7.747688986687436e-09
15,0.06666667,63.00000001122484,-5.618518387700184e-09,9.757548446905297e-09
15,0.070588239,67.99999988770375,-6.267093881107551e-09,9.00447149513266e-09
15,0.074509807,63.99999974313015,-6.182390763909959e-09,1.044081800070586e-08
15,0.078431375,71.99999987230173,-7.030024825214665e-09,9.001636649173882e-09
15,0.082352944,74.00000004040233,-8.118852145429377e-09,1.065173747134299e-08
15,0.086274512,60.99999981806688,-4.672776892956271e-09,8.926060710863664e-09
15,0.090196081,68.00000014274642,-5.860412035678037e-09,8.272255035062667e-09
15,0.094117656,64.99999999909321,-5.202980914983642e-09,8.259100082561876e-09
15,0.098039225,64.99999975900505,-6.019951298849102e-09,9.65903591134271e-09
15,0.10196079,65.99999996846266,-6.681962241795908e-09,1.054473846902344e-08
15,0.10588236,67.00000029362147,-5.199572566055841e-09,7.511368744907369e-09
15,0.10980393,65.99999990591141,-7.158293813004944e-09,1.16725228873357e-08
15,0.1137255,66.99999999844704,-5.83298440130099e-09,8.58052821240174e-09
15,0.11764707,73.0000000856695,-7.41890837875601e-09,9.440476783095228e-09
15,0.12156864,66.99999983773031,-5.990411828901969e-09,8.812620537363004e-09
15,0.1254902,66.99999990902056,-5.456415651164801e-09,7.931949163861771e-09
15,0.12941177,76.00000007332579,-7.429818244205661e-09,8.541820294822453e-09
15,0.13333334,60.99999992341188,-5.993015271310097e-09,1.142914623042109e-08
15,0.13725491,60,-1.217328820951845e-10,1.674946010475891e-10
15,0.14117648,73.00000019935476,-7.248499958033597e-09,9.078999290178902e-09
15,0.14509805,64.99999975254916,-6.04215009283372e-09,9.732984694000127e-09
15,0.14901961,72.0000000404396,-7.300651014978214e-09,9.600642035399397e-09
15,0.15294118,66.99999999658058,-5.280191069981089e-09,7.641329450188222e-09
15,0.15686275,69.99999991628363,-6.755489683707056e-09,9.169013874389403e-09
15,0.16078432,61,-1.245028991359315e-10,1.716912014320136e-10
15,0.16470589,67.99999992675237,-5.572566787642734e-09,7.743954730961447e-09
15,0.16862746,74.99999997059156,-7.697817680926605e-09,9.455096826782145e-09
15,0.17254902,72.99999999139781,-6.533373988043787e-09,7.779295505219369e-09
15,0.17647059,72.99999993430512,-6.410824840088244e-09,7.53570843648961e-09
15,0.18039216,61.00000001082959,-5.659007140323504e-09,1.073435898329517e-08
15,0.18431373,65.99999991872616,-5.205033070021752e-09,7.845769334327905e-09
15,0.18823531,69.99999989770826,-6.602889328423614e-09,8.918672530858904e-09
15,0.19215688,62.99999975578815,-5.500450442291219e-09,9.534568909876383e-09
15,0.19607845,64.99999998652082,-5.116845850716413e-09,8.064304558737536e-09
15,0.20000002,65.00000015941131,-5.346360526723214e-09,8.43613728930265e-09
15,0.20392159,83.99999996915331,-8.223132532178606e-09,7.898751503715434e-09
15,0.20784315,71.0000001361597,-7.482990561886811e-09,1.033442475277252e-08
15,0.21176472,68.0000001444137,-6.331411036177733e-09,9.094880893191781e-09
15,0.21568629,67.00000015667403,-5.737751583806233e-09,8.369926149090533e-09
15,0.21960786,56.00000015668601,-5.419109506909416e-09,1.290339529325897e-08
15,0.22352943,65.99999995951399,-6.863797384046609e-09,1.102667338575975e-08
15,0.227451,73.00000010798526,-6.904082646372509e-09,8.4706652401415e-09
15,0.23137257,58.99999995043384,-4.250327710241274e-09,9.083205699924424e-09
15,0.23529413,79.00000008183866,-6.6477384176218e-09,6.297995150924279e-09
15,0.2392157,62.00000000539515,-5.347481761850486e-09,9.679287567325541e-09
15,0.24313727,65.00000004646022,-6.978709606976206e-09,1.170386286958456e-08
15,0.24705884,71.99999998418912,-7.822717543295288e-09,1.074280844316954e-08
15,0.25098041,62.99999983140978,-4.681731078922467e-09,8.109037146501533e-09
15,0.25490198,71.99999993294256,-7.832005831040545e-09,1.070480387830853e-08
15,0.25882354,71.99999978525221,-6.120976594598932e-09,7.396498481383446e-09
15,0.26274511,71.99999972932805,-7.117546704730448e-09,9.211036013934801e-09
15,0.26666668,69.99999998125526,-7.560486667609879e-09,1.089171140008301e-08
15,0.27058825,71.99999996133258,-6.14067242036249e-09,7.385970238377903e-09
15,0.27450982,73.00000005065537,-7.232927691514193e-09,9.056420439267056e-09
15,0.27843139,56.18082537007255,1.508574382449222e-07,7.333769202767861e-09
15,0.28235295,54.59953698848232,1.454095326373683e-07,7.461912551895749e-09
15,0.28627452,55.98963744294743,1.433950724087247e-07,7.748181016168877e-09
15,0.29019609,58.79391613770442,1.413773075337527e-07,9.240735610791489e-09
15,0.29411766,59.1707431872732,1.394298660796571e-07,8.607430378167031e-09
15,0.29803923,56.96983460433058,1.352002818396752e-07,9.003644248377943e-09
15,0.3019608,60.41847872314843,1.305723334202666e-07,8.051136273165709e-09
15,0.30588236,58.19791452700201,1.259192637360954e-07,7.310018769812075e-09
15,0.30980393,58,1.2203149562825e-07,6.815889673164708e-09
15,0.3137255,57.40082708669711,1.191815301857954e-07,6.803975019327343e-09
15,0.31764707,54.46222100227581,1.179263366575872e-07,6.410328371048785e-09
15,0.32156864,54.68943606000687,1.18067779776776e-07,5.845166768789804e-09
15,0.32549021,55.56827768150256,1.193393757971389e-07,6.182403782986788e-09
15,0.32941177,58.11157032622496,1.214021449982087e-07,6.176717295588291e-09
15,0.33333334,56.17527207954344,1.242897352916878e-07,6.286473713491057e-09
15,0.33725491,53.60887260681038,1.281818867794068e-07,5.671934249778988e-09
15,0.34117648,55.43327559926227,1.332172053372408e-07,6.431523980548784e-09
15,0.34509805,53.84057420161113,1.395024859711562e-07,7.177947344525564e-09
15,0.34901962,59.72458940757755,1.472800543646254e-07,7.031515857135872e-09
15,0.35294119,56.70586821996321,1.560813142953143e-07,7.910662065170748e-09
15,0.35686275,56.58359820459378,1.663826527641209e-07,8.602725640032285e-09
15,0.36078432,55.75291295456946,1.781425686296504e-07,8.417357348406897e-09
15,0.36470589,60.24898727437974,1.917731722927127e-07,9.556603261518857e-09
15,0.36862746,56.6047186634627,2.059050179643647e-07,1.074063964068511e-08
15,0.37254903,59.33405700650478,2.228816790026252e-07,1.172073238820662e-08
15,0.37647063,56.73700172036725,2.410151409948325e-07,1.390394391247411e-08
15,0.38039219,57.29814535761215,2.611720091650804e-07,1.519459294292143e-08
15,0.38431376,62.02227187696212,2.837759811256164e-07,1.428763805429021e-08
15,0.38823533,61.52904647285444,3.085414125632989e-07,1.562523007394603e-08
15,0.3921569,61.8865888431256,3.346793153237389e-07,1.737588694399388e-08
15,0.39607847,60.1197730975307,3.629353439798462e-07,1.917304145526398e-08
15,0.40000004,57.32880337615792,3.945986280240539e-07,1.913693482165761e-08
15,0.4039216,56.64389739261131,4.273599652712858e-07,2.074352952328716e-08
15,0.40784317,58.27024853511175,4.630071749946475e-07,2.305907817759951e-08
15,0.41176474,57.81848382496221,4.998917394503951e-07,2.400468416466832e-08
15,0.41568631,59.98970736898774,5.381948992980215e-07,2.790557969394696e-08
15,0.41960788,57.39600361811786,5.790042886463342e-07,2.887139751607934e-08
15,0.42352945,54.21708845611515,6.24409526902026e-07,2.920166458803319e-08
15,0.42745101,58.92988007235576,6.715010582173218e-07,3.211561240051758e-08
15,0.43137258,57.2730524310458,7.210806441321323e-07,3.402445889109359e-08
15,0.43529415,58.8720142224632,7.732457956549999e-07,3.680000282326561e-08
15,0.43921572,54.48678365457485,8.312752251317859e-07,3.936017242948905e-08
15,0.44313729,61.62297125859151,8.936658601351861e-07,3.913210934639694e-08
15,0.44705886,57.09138968274441,9.574998264819659e-07,4.331264949831203e-08
15,0.45098042,60.91863470771987,1.025842723485902e-06,4.522747378727956e-08
15,0.45490199,56.75777844190276,1.098952792793278e-06,4.805919904780133e-08
15,0.45882356,58.64520960062611,1.173734100489326e-06,5.078789849635614e-08
15,0.46274513,59.06234100007463,1.253306784721753e-06,5.363107804893771e-08
15,0.4666667,59.58713748359406,1.338572722328961e-06,5.582300561033514e-08
15,0.47058827,59.65855913170675,1.427388355603187e-06,6.287231553935818e-08
15,0.47450984,57.36824904093426,1.520939726403153e-06,6.535436131772848e-08
15,0.4784314,59.68661976535728,1.61665722535773e-06,7.00775794415669e-08
15,0.48235297,62.56907937604087,1.7169593496222e-06,7.257433991389865e-08
15,0.48627454,54.54715162092896,1.821272201298114e-06,7.705593374495359e-08
15,0.49019611,58.17586149098003,1.926971491637698e-06,8.370158293724272e-08
15,0.49411768,59.47971359683299,2.041982934287987e-06,8.179055474081963e-08
15,0.49803925,64.28462178519513,2.158423032552872e-06,8.621035839224262e-08
15,0.50196075,55.42511712878515,2.278602206361635e-06,8.161856232721597e-08
15,0.50588232,55.72140132302053,2.396186962308616e-06,8.358742140765117e-08
15,0.50980389,53.80704903963937,2.523233604640352e-06,9.088838468629659e-08
15,0.51372546,57.67115592000278,2.64975902356011e-06,9.317057103880541e-08
15,0.51764703,56.55368637092806,2.771846933659051e-06,9.081301367127194e-08
15,0.5215686,60.14726968893294,2.900483542868209e-06,9.30700552813046e-08
15,0.52549016,55.97982783879393,3.021690419602573e-06,9.379376631391681e-08
15,0.52941173,56.30924764719733,3.153173857517417e-06,9.390009878598804e-08
15,0.5333333,54.27563689870104,3.275044172977084e-06,8.835512681425704e-08
15,0.53725487,57.61994224339936,3.397364040595172e-06,9.01447451474492e-08
15,0.54117644,55.52384509845771,3.519845714390397e-06,8.808039006518333e-08
15,0.54509801,56.4424609071954,3.637905321103482e-06,8.964500225027366e-08
15,0.54901958,57.51414250235515,3.754774623174319e-06,9.014418137619183e-08
15,0.55294114,58.52176127834019,3.87414413908787e-06,8.851489143671732e-08
15,0.55686271,58.19047522392388,3.988441020613771e-06,8.327049722993382e-08
15,0.56078428,56.01316748215604,4.09845851316554e-06,8.47971019844397e-08
15,0.56470585,58.23670642642759,4.21447665013039e-06,8.836826407284059e-08
15,0.56862742,57.86018799717696,4.324717570537338e-06,8.073118561475389e-08
15,0.57254899,54.00723462841869,4.438070714442226e-06,7.641842465089234e-08
15,0.57647055,57.19307654674094,4.549642827148217e-06,7.796742969588473e-08
15,0.58039212,54.05234047557818,4.653914996103984e-06,7.469869558101839e-08
15,0.58431369,59.45064354551713,4.759802522447953e-06,7.627687968069926e-08
15,0.58823526,56.94405268250911,4.855737272530167e-06,7.093834397886212e-08
15,0.59215683,56.68882660858499,4.953859341483445e-06,7.158394159575299e-08
15,0.5960784,57.96382527886112,5.049332389591706e-06,6.675384199732214e-08
15,0.59999996,57.07319742185784,5.145255921095648e-06,6.749958590474818e-08
15,0.60392153,54.43930675506065,5.229874843992019e-06,6.664011108219839e-08
15,0.6078431,57.98802098413486,5.313742205773427e-06,6.492420096055595e-08
15,0.61176467,51.53440728326622,5.391802817832723e-06,6.021536273249832e-08
15,0.61568624,58.28547686139916,5.471560544766093e-06,6.855534632895201e-08
15,0.61960781,57.41256553669623,5.542271909307209e-06,6.528434660444611e-08
15,0.62352937,57.29155549852553,5.611421190558214e-06,6.251244966221695e-08
15,0.62745094,53.72976996203675,5.675093305428394e-06,6.077869242232171e-08
15,0.63137257,56.08002613735457,5.726620220121752e-06,5.94928560879029e-08
15,0.63529408,56.15025450965862,5.782358120296823e-06,6.454897297662253e-08
15,0.63921571,57.18942682782762,5.826666888992887e-06,6.604316392282031e-08
15,0.64313722,55.06346062631065,5.871075857827195e-06,6.173741391297429e-08
15,0.64705884,56.58936257167085,5.909348213616259e-06,5.807974881316085e-08
15,0.65098035,57.55465922312263,5.946526727039422e-06,5.887100969906001e-08
15,0.65490198,57.43640005007656,5.980217934372405e-06,5.434851360846755e-08
15,0.65882349,58.2767340346994,6.005036915472202e-06,5.752318335057583e-08
15,0.66274512,54.8482303426595,6.032751266351944e-06,5.891545490663219e-08
15,0.66666663,54.24452345482732,6.052955889980247e-06,5.77222252171411e-08
15,0.67058825,54.79480558030023,6.078190690388995e-06,5.939279930905645e-08
15,0.67450976,57.27075494637506,6.110197241206143e-06,6.956145015718702e-08
15,0.67843139,60.08028956010848,6.111005210795496e-06,6.388636739694235e-08
15,0.6823529,72.73143612222505,6.149362522077001e-06,7.104971218563778e-08
15,0.68627453,65.10051103476353,6.143575718591841e-06,6.787935796519656e-08
15,0.69019604,111.8734245542845,6.215943658233936e-06,9.604434609470794e-08
15,0.69411767,68.6144892539839,6.134301738324683e-06,7.27899253846784e-08
15,0.69803917,53.91633616228243,6.10452259752942e-06,6.243232418370857e-08
15,0.7019608,57.80311608140915,6.083323265714917e-06,5.839727583028573e-08
15,0.70588231,53.7951777707004,6.057234304440791e-06,5.682976623427514e-08
15,0.70980394,55.71696933145913,6.03662783114484e-06,5.022056299835543e-08
15,0.71372545,54.70668401991848,6.015832718288507e-06,5.116982533229087e-08
15,0.71764708,55.39696250132318,5.989968995790114e-06,5.075817764297215e-08
15,0.72156858,55.35699839648465,5.967823325741794e-06,5.386166893489761e-08
15,0.72549021,54.93263501142093,5.934070187005159e-06,4.999721008599535e-08
15,0.72941172,53.76564554263785,5.901206684118234e-06,5.954922153899231e-08
15,0.73333335,56.25006113794612,5.859082624544081e-06,5.843697635742754e-08
15,0.73725486,55.09836470869839,5.816375628608434e-06,5.874398070309795e-08
15,0.74117649,54.91852469188776,5.770299170835619e-06,5.940395971602657e-08
15,0.74509799,57.60238301788907,5.717271047852957e-06,6.641212408066633e-08
15,0.74901962,55.8066783055202,5.664063510311058e-06,6.378976264253856e-08
15,0.75294113,52.91321670724221,5.605563333482106e-06,6.290094451782237e-08
15,0.75686276,54.00605769034095,5.542946431824865e-06,6.413953263252896e-08
15,0.76078427,57.49127571625047,5.477067061856706e-06,6.999682563010687e-08
15,0.7647059,52.87117866297033,5.408651500921486e-06,6.528422733237804e-08
15,0.76862741,56.31453969390868,5.337594819161369e-06,6.701442143050776e-08
15,0.77254903,59.25192135946004,5.262605770522055e-06,6.98640705880741e-08
15,0.77647054,57.8952534022733,5.175122546347229e-06,6.788232552471798e-08
15,0.78039217,54.76366646144596,5.095120832786118e-06,6.812239016561698e-08
15,0.78431368,52.76467045842783,5.005263130229349e-06,7.608574471003426e-08
15,0.78823531,59.95605250014997,4.916591857906004e-06,7.407113419678288e-08
15,0.79215682,56.80282791864447,4.822720337580351e-06,7.936346906135858e-08
15,0.79607844,56.25410384607255,4.726311998374544e-06,7.68901911702485e-08
15,0.79999995,53.75970271570543,4.620852594607195e-06,7.891140047419208e-08
15,0.80392158,58.60359687062125,4.519319713079807e-06,7.832587343844285e-08
15,0.80784309,60.64204451774673,4.416765995953164e-06,7.764937233148524e-08
15,0.81176472,54.3800441114972,4.304392717271236e-06,8.082583846531786e-08
15,0.81568629,55.54523211939088,4.195795012435191e-06,8.250007769601333e-08
15,0.81960785,57.26717590575351,4.086225234930598e-06,7.923878577348895e-08
15,0.82352942,57.32680672506545,3.967691977930507e-06,8.388487487843143e-08
15,0.82745099,60.02440325099144,3.851003507105373e-06,8.098187095072631e-08
15,0.83137256,57.03624243775359,3.730934279687535e-06,7.780061527296189e-08
15,0.83529413,61.07265000150885,3.609165443318405e-06,8.012007096574816e-08
15,0.8392157,62.41002169202386,3.486707685659992e-06,7.742861512266721e-08
15,0.84313726,55.2579618682558,3.363074222952142e-06,7.918965751588909e-08
15,0.84705883,63.61935211931728,3.240880050314126e-06,7.682518922642379e-08
15,0.8509804,58.91747245411761,3.109529352989626e-06,7.371997620930363e-08
15,0.85490197,59.06391373378955,2.978796073374489e-06,7.204403910612504e-08
15,0.85882354,59.86462836621051,2.849571093445273e-06,6.773799403560257e-08
15,0.86274511,57.94596540492233,2.714735880344226e-06,6.735646037608472e-08
15,0.86666667,61.66714334043395,2.587905993467675e-06,6.484181512935933e-08
15,0.87058824,60.49633887043188,2.452816032172603e-06,6.332557962572203e-08
15,0.87450981,65.29253065426829,2.318395395611718e-06,6.00134567716412e-08
15,0.87843138,61.3771697331716,2.183516382593486e-06,5.687615858123907e-08
15,0.88235295,58.5791448962289,2.04860793178273e-06,5.311077812893809e-08
15,0.88627452,61.04416681350376,1.914063216667775e-06,5.091578586095856e-08
15,0.89019608,62.47221474728834,1.779090644800896e-06,4.727323200733181e-08
15,0.89411765,62.8408115482538,1.645424741960823e-06,4.457298481694092e-08
15,0.89803922,57.84161982784951,1.513585174693763e-06,4.192831263684349e-08
15,0.90196079,64.56939990464782,1.383413266228034e-06,3.66497994455048e-08
15,0.90588236,55.48791087066505,1.2546036951434e-06,3.638507588727896e-08
15,0.90980393,59.80437239701995,1.131365978561807e-06,3.099700159078441e-08
15,0.9137255,61.12429602860252,1.009646412159927e-06,2.739376342356291e-08
15,0.91764706,59.02387324279882,8.924655328050566e-07,2.496707573600568e-08
15,0.92156863,57.50568443868953,7.80174845540347e-07,2.123463256976267e-08
15,0.9254902,58.00796044100297,6.744812244283771e-07,1.990238365938969e-08
15,0.92941177,58.36950516845874,5.737827563514572e-07,1.662454071774217e-08
15,0.93333334,56.04724390862663,4.809997003822337e-07,1.467517048593666e-08
15,0.93725491,61.8607032675589,3.953060611869279e-07,1.064368875847422e-08
15,0.94117647,58.38623659519065,3.176238867204742e-07,1.038633147065282e-08
15,0.94509804,57.3909143523377,2.4890189868753e-07,7.446523637473779e-09
15,0.94901961,65,1.8961970883535e-07,4.960648684065889e-09
15,0.95294118,71,1.39136719421025e-07,3.752506015456985e-09
15,0.95686275,71,9.7786653920515e-08,2.771450751882019e-09
15,0.96078432,71,6.517966754265501e-08,1.940591559398006e-09
15,0.96470588,72,4.06327342961e-08,1.270697919147611e-09
15,0.96862745,66,2.3198642375495e-08,7.715855571442157e-10
15,0.97254902,68,1.15845202179925e-08,4.166969052129894e-10
15,0.97647059,76,4.352250512649001e-09,2.287448880953557e-10
15,0.98039216,61.99999981965658,6.31582351849707e-09,1.164617810379352e-08
15,0.98431373,62,-3.103525988827945e-10,1.694753179797481e-10
15,0.98823529,76.99999995963697,-6.747229624783143e-09,6.828529855753219e-09
15,0.99215686,59.0000000367111,-4.973970339612594e-09,1.028395369587536e-08
15,0.99607843,73.00000002844361,-7.249169920270301e-09,9.083546730869427e-09
15,1,63.00000017391634,-5.521566145779172e-09,9.551222213171166e-09
16,0,63,-5.949359691792723e-10,9.846324023705142e-10
16,0.0039215689,67.9999998796663,-7.359691111372657e-09,1.118911799491415e-08
16,0.0078431377,67.99999989944698,-5.888670428437085e-09,8.243963251186246e-09
16,0.011764707,74.99999997688222,-7.242062777895821e-09,8.446671545978142e-09
16,0.015686275,66.00000006935311,-6.558707520013883e-09,1.033014972257714e-08
16,0.019607844,56.22398547896221,-8.905660016323989e-09,1.077891886745105e-08
16,0.023529414,75.00000000772214,-6.803503900914583e-09,7.641797600868705e-09
16,0.027450982,70.999999984171,-5.806807476035474e-09,7.112417580343031e-09
16,0.031372551,80.00000007125928,-7.940234868719134e-09,8.325621413153521e-09
16,0.035294119,66.00000001410945,-7.108796924630856e-09,1.158874854234993e-08
16,0.039215688,68.00000014158687,-4.862584500232299e-09,6.645926151509412e-09
16,0.043137256,68.00000008929753,-8.752533283758563e-09,1.46458147457963e-08
16,0.047058828,56.00000024243287,-4.064220418972047e-09,1.022066397114826e-08
16,0.050980397,71.99999995870293,-7.361994444349364e-09,9.666422381802736e-09
16,0.054901965,68.99999989902763,-6.199273831444748e-09,8.497408200430479e-09
16,0.058823533,60.00000039706069,-4.83494254615695e-09,9.650693728967848e-09
16,0.062745102,73.00000002740775,-8.14164171637826e-09,1.103570571329379e-08
16,0.06666667,61.0000002860935,-4.996572406033785e-09,9.467467168647692e-09
16,0.070588239,66.00000000364101,-6.931060076707736e-09,1.10626678074248e-08
16,0.074509807,58.99999993461761,-4.600935014199258e-09,9.717139066123893e-09
16,0.078431375,57.99999984116086,-5.46329111273567e-09,1.190531119936867e-08
16,0.082352944,83.9999999816943,-9.23609023523377e-09,1.004917116890789e-08
16,0.086274512,60.99999993137187,-4.839392647272946e-09,9.179191413447821e-09
16,0.090196081,71.0000001707497,-6.826201748459658e-09,8.951752022601751e-09
16,0.094117656,63.999999918699,-5.993076450008263e-09,1.006939422810328e-08
16,0.098039225,61.00000009423785,-5.406932980566551e-09,1.026168429688507e-08
16,0.10196079,65.99999999383958,-6.879611848004013e-09,1.10071296750529e-08
16,0.10588236,67.00000001873629,-6.337302005273095e-09,9.474683393769454e-09
16,0.10980393,67.00000022063334,-7.296390206430522e-09,1.147707628779102e-08
16,0.1137255,56.99999996416572,-4.694995350085809e-09,1.090423026171766e-08
16,0.11764707,72.99999997254181,-8.056603238895558e-09,1.083977795059623e-08
16,0.12156864,70.99999998322541,-7.212581183219276e-09,9.696183480148268e-09
16,0.1254902,64,-1.178120782023833e-10,1.493230850880962e-10
16,0.12941177,66.99999993940276,-8.224145576918231e-09,1.367777165688349e-08
16,0.13333334,59.00000006498836,-5.551791639324137e-09,1.155041363919117e-08
16,0.13725491,76.99999993858603,-7.345769429670933e-09,8.050855017835005e-09
16,0.14117648,69.99999992633325,-7.29347117483219e-09,1.02692217156991e-08
16,0.14509805,62,-1.119740944359138e-10,1.545457989180678e-10
16,0.14901961,62.000000013205,-7.492541491326837e-09,1.442430397297633e-08
16,0.15294118,68.99999988734264,-6.112479740590485e-09,8.339779890328942e-09
16,0.15686275,73.00000009130528,-7.8000176779963e-09,1.023443708243125e-08
16,0.16078432,59.99999990217753,-4.499845653264891e-09,9.064811681652935e-09
16,0.16470589,59,-1.139918212932187e-10,1.554926441466544e-10
16,0.16862746,77.99999995865424,-8.649877501551816e-09,1.043628237525339e-08
16,0.17254902,56.00000005676151,-3.991828540158168e-09,1.012980574492332e-08
16,0.17647059,63.99999989598823,-7.437170205988668e-09,1.323533554273352e-08
16,0.18039216,70.00000003751478,-5.056306239562963e-09,6.339584182521577e-09
16,0.18431373,68.00000025791842,-5.255484253166843e-09,7.210741944236818e-09
16,0.18823531,70.99999989265811,-7.442025549889442e-09,1.022418185245992e-08
16,0.19215688,63.00000006417048,-5.513552887605525e-09,9.5675189930777e-09
16,0.19607845,70.99999984826525,-7.084440884808682e-09,9.447850336854822e-09
16,0.20000002,58.00000001053617,-5.734842857218857e-09,1.246723126258665e-08
16,0.20392159,57.00000034831812,-3.572633936420788e-09,8.904069196000203e-09
16,0.20784315,72.00000007763192,-7.892544300922221e-09,1.086481868353632e-08
16,0.21176472,58,-9.896464108544548e-11,1.547111193153943e-10
16,0.21568629,66.00000027109233,-6.969273475333942e-09,1.115976447324756e-08
16,0.21960786,64.00000015972141,-5.091185210100291e-09,8.37922853213961e-09
16,0.22352943,61,-1.108843501309433e-10,1.569086493413469e-10
16,0.227451,75.99999992881723,-7.880612601132012e-09,9.437183454696052e-09
16,0.23137257,70.99999997475172,-6.542736395802577e-09,8.429882110790593e-09
16,0.23529413,81.99999997904079,-8.772825326239047e-09,9.497940681525063e-09
16,0.2392157,69.99999996831711,-6.366275657212995e-09,8.420719455104707e-09
16,0.24313727,70.99999993686333,-6.838230818445813e-09,8.982064602284633e-09
16,0.24705884,71.00000008688743,-7.356725028886687e-09,1.004023567544379e-08
16,0.25098041,50.87710235889601,-1.015432053799982e-08,1.466861583099824e-08
16,0.25490198,69.99999992756726,-7.479891569103807e-09,1.065332575551757e-08
16,0.25882354,61,-1.158120530863462e-10,1.536235720703647e-10
16,0.26274511,68.99999989281365,-5.99291655306154e-09,8.133735219863598e-09
16,0.26666668,68.00000017456645,-5.227154840533624e-09,7.191041446632729e-09
16,0.27058825,61.99999979337473,-5.023464852183077e-09,9.097475163042721e-09
16,0.27450982,72.00000014034285,-7.685337255201432e-09,1.034400832831542e-08
16,0.27843139,66.99999978326476,-4.946136281865593e-09,7.031138851937999e-09
16,0.28235295,73.99999999484812,-7.911620498813798e-09,1.016585673775306e-08
16,0.28627452,59.00000011754068,-4.582163260913887e-09,9.681477667938781e-09
16,0.29019609,62.000000052457,-5.121837457316055e-09,9.285238815439179e-09
16,0.29411766,78.00000000062322,-7.950674203381168e-09,8.929484432789875e-09
16,0.29803923,60,1.39862089064975e-07,5.139787707703676e-09
16,0.3019608,56.84133667413206,1.356664586669959e-07,5.57828820535013e-09
16,0.30588236,55.42172156129563,1.35567097316386e-07,5.555599659063382e-09
16,0.30980393,55.20429666725742,1.342586540148952e-07,6.318250963182411e-09
16,0.3137255,54.86771693531189,1.310702548051797e-07,5.904252800980267e-09
16,0.31764707,56.65376044762468,1.266486305691585e-07,5.51664477262709e-09
16,0.32156864,54.3990634266505,1.216391423480308e-07,5.142640969971348e-09
16,0.32549021,63.09424993341655,1.180601583588724e-07,4.589176750450427e-09
16,0.32941177,61,1.137410054042825e-07,4.850072133540011e-09
16,0.33333334,54.23499517604211,1.116217273829961e-07,4.84466836821911e-09
16,0.33725491,54.90978566498865,1.112114348161556e-07,4.647101909757388e-09
16,0.34117648,54.99800132231924,1.121478969379274e-07,4.561891107824276e-09
16,0.34509805,60.51592589086534,1.142045450146195e-07,4.568507267918276e-09
16,0.34901962,60.36050582689864,1.158941589574017e-07,4.893894523050775e-09
16,0.35294119,55.83591651596188,1.189775689174354e-07,5.588494132525729e-09
16,0.35686275,58.07566406838082,1.225227205512914e-07,5.741882379987488e-09
16,0.36078432,56,1.2767595288385e-07,5.583194609694541e-09
16,0.36470589,57,1.33315051042275e-07,5.793554461035762e-09
16,0.36862746,53.70013900871938,1.404865825590852e-07,5.887893728471176e-09
16,0.37254903,54.1769278994395,1.487707787648809e-07,5.969480421051723e-09
16,0.37647063,57.30167040098249,1.5880348536261e-07,6.093165712498143e-09
16,0.38039219,57,1.69496317144675e-07,6.373626990297014e-09
16,0.38431376,56.60224617656058,1.813972867454837e-07,6.706717682065032e-09
16,0.38823533,57.95804708275155,1.958439638791003e-07,6.836991669876641e-09
16,0.3921569,56.89497879505016,2.118297474675232e-07,7.313532453455607e-09
16,0.39607847,56.47929288810491,2.286738804353221e-07,7.715088244230605e-09
16,0.40000004,55.5262006227641,2.482157249856407e-07,7.781039188567212e-09
16,0.4039216,57.24157766347383,2.690389862447488e-07,8.055427544915597e-09
16,0.40784317,57.71012446814121,2.923380933522013e-07,8.005447893668799e-09
16,0.41176474,56.43278326003513,3.165961121793539e-07,8.592720135206827e-09
16,0.41568631,56.81494435336752,3.437375330485724e-07,9.857656910612303e-09
16,0.41960788,55.45424855305862,3.731095328080304e-07,9.917089925482368e-09
16,0.42352945,57.80702543446114,4.041753363550372e-07,9.867866284995741e-09
16,0.42745101,57.55912068078764,4.378030673925503e-07,1.141947319869059e-08
16,0.43137258,53.93279676887601,4.735131502706785e-07,1.089165745842027e-08
16,0.43529415,52.16241753527538,5.106556290368559e-07,1.142834764677458e-08
16,0.43921572,55.46826421953148,5.490931796111236e-07,1.248459877158477e-08
16,0.44313729,54.35146175658252,5.917298320673223e-07,1.26617816301122e-08
16,0.44705886,54.54234493109012,6.376168196633642e-07,1.393382748128979e-08
16,0.45098042,56.42445497896382,6.845300770817816e-07,1.44116497752035e-08
16,0.45490199,58.61470447515357,7.365505672956138e-07,1.682615868587322e-08
16,0.45882356,54.56272498721196,7.903933498876e-07,1.65637102183122e-08
16,0.46274513,58.97829722217062,8.477330831651745e-07,1.820705945641994e-08
16,0.4666667,57.74649741246999,9.108347699412974e-07,2.005616167863959e-08
16,0.47058827,56.58069717878754,9.76566447406997e-07,2.08688280912202e-08
16,0.47450984,55.15203029877398,1.044062437992769e-06,2.226482403391383e-08
16,0.4784314,51.47277027152966,1.117464569773364e-06,2.485812412791057e-08
16,0.48235297,55.63039455366199,1.190643582906451e-06,2.547139499755775e-08
16,0.48627454,55.81477419352527,1.274153841116323e-06,2.588520827567845e-08
16,0.49019611,57.38971276629876,1.360132893195503e-06,2.963800533924572e-08
16,0.49411768,57.30802803187322,1.449857207027373e-06,2.800510529095685e-08
16,0.49803925,56.48574134391294,1.542712802805427e-06,3.332466836155489e-08
16,0.50196075,58.42194286858022,1.640570120969212e-06,3.359548152064359e-08
16,0.50588232,56.2631436308139,1.740448910860631e-06,3.484580846767288e-08
16,0.50980389,58.9667789330443,1.845883243255909e-06,3.536848394807088e-08
16,0.51372546,58.16776207754292,1.953107865872035e-06,3.969574261281429e-08
16,0.51764703,55.66217570871856,2.068307391762428e-06,3.979271589166539e-08
16,0.5215686,56.64299313517421,2.184504428834729e-06,4.263274179124287e-08
16,0.52549016,55.60340307532097,2.301930864852579e-06,4.919665583753713e-08
16,0.52941173,57.21883576972255,2.425230811769756e-06,4.616901635243709e-08
16,0.5333333,55.37998460279624,2.549503897711442e-06,4.865235339032233e-08
16,0.53725487,55.1555221304781,2.673891750205854e-06,5.149583136887114e-08
16,0.54117644,60.13990358995063,2.801641737364766e-06,5.264567995527124e-08
16,0.54509801,58.4603556199463,2.927845994582238e-06,5.560553854724744e-08
16,0.54901958,53.82401804089247,3.047534207035842e-06,5.242022291426754e-08
16,0.55294114,58.17274359687924,3.171742567111536e-06,5.562755008274242e-08
16,0.55686271,56.77626880377052,3.293838007021673e-06,5.844476654865528e-08
16,0.56078428,54.88822134511069,3.421585457448473e-06,5.727262237746013e-08
16,0.56470585,53.91922533701403,3.545468577129874e-06,5.65984059827811e-08
16,0.56862742,55.81516292922067,3.655595751268281e-06,5.936824996050416e-08
16,0.57254899,56.33249082679529,3.779603984682176e-06,5.596107565902648e-08
16,0.57647055,55.85186639969597,3.899230026710352e-06,5.959799994604621e-08
16,0.58039212,54.40319068825082,4.008725208475796e-06,6.309433107455705e-08
16,0.58431369,58.79906022600729,4.122058849516832e-06,6.430280982666918e-08
16,0.58823526,56.93341831714275,4.244357274750938e-06,5.99923328335425e-08
16,0.59215683,55.23223135729074,4.353525786553019e-06,6.048358797033435e-08
16,0.5960784,52.91052271331423,4.46551728145101e-06,6.354864258840819e-08
16,0.59999996,57.03012472078495,4.577130680870333e-06,6.451552179442054e-08
16,0.60392153,59.25752723586373,4.679136135295928e-06,6.32332421217014e-08
16,0.6078431,54.36275880667762,4.789125049634579e-06,6.870830155659298e-08
16,0.61176467,54.10891727234398,4.889356091003949e-06,6.830783997108389e-08
16,0.61568624,54.9877011540582,4.991379184371999e-06,6.696441148907722e-08
16,0.61960781,54.07246612330852,5.089458767372964e-06,6.720624220644336e-08
16,0.62352937,52.33964093838728,5.177556638100422e-06,6.308238967564326e-08
16,0.62745094,56.63329321303915,5.26826524970179e-06,6.31654992731575e-08
16,0.63137257,54.50245236142389,5.354742488890067e-06,6.055110780815541e-08
16,0.63529408,57.33663689144817,5.43763585573189e-06,6.67277629233101e-08
16,0.63921571,55.00825989012382,5.5076533621468e-06,6.662898524883272e-08
16,0.64313722,52.94988027821972,5.578007967583225e-06,6.042292213897286e-08
16,0.64705884,53.80715352740545,5.642508420800844e-06,6.476533035115587e-08
16,0.65098035,55.5823617348152,5.70299311068138e-06,5.502273966797541e-08
16,0.65490198,53.69764308465781,5.753790925265795e-06,6.145568130714598e-08
16,0.65882349,56.70927511173019,5.809366535744131e-06,6.675076282937653e-08
16,0.66274512,58.09047173141769,5.864795468018002e-06,6.282598536492073e-08
16,0.66666663,55.10518942593528,5.905754423193921e-06,5.910203433434032e-08
16,0.67058825,56.46026923068991,5.937391682055051e-06,5.772510353240143e-08
16,0.67450976,54.93829176677372,5.978001187374421e-06,5.415019358270645e-08
16,0.67843139,57.73967834493603,5.999373866381413e-06,5.516635053453566e-08
16,0.6823529,52.92940654640769,6.027719697030695e-06,5.508498151702523e-08
16,0.68627453,54.20271335761937,6.055069711630391e-06,5.667885971619797e-08
16,0.69019604,54.02361265578203,6.075704166197128e-06,6.102577142891564e-08
16,0.69411767,56.36894472624172,6.110343412256497e-06,6.753648714888642e-08
16,0.69803917,61.31523912188388,6.124102892910663e-06,6.775977640861409e-08
16,0.7019608,70.08370661061247,6.16147159015593e-06,8.159778687464273e-08
16,0.70588231,89.28053149449224,6.168424159930901e-06,8.167390513903497e-08
16,0.70980394,109.9276299179233,6.208449711618736e-06,9.576049727168872e-08
16,0.71372545,97.6888317044438,6.189158356324149e-06,9.071624956172281e-08
16,0.71764708,58.92064547525123,6.113684577812469e-06,7.174841420132146e-08
16,0.72156858,53.82680851171007,6.083895405391154e-06,6.303474264988883e-08
16,0.72549021,52.93221711438039,6.055400453175989e-06,5.504689621506275e-08
16,0.72941172,52.9426408299333,6.035007337206954e-06,5.323233375414395e-08
16,0.73333335,58.39657020441138,6.0081296779197e-06,5.198946897966942e-08
16,0.73725486,54.77400628165408,5.981626117211288e-06,5.623451289603083e-08
16,0.74117649,57.11097595349327,5.952596509808889e-06,4.918713015984538e-08
16,0.74509799,57.07478157260577,5.913330705416494e-06,5.388153079635127e-08
16,0.74901962,53.73378281993597,5.876927844022461e-06,5.476905607487846e-08
16,0.75294113,58.08258256070332,5.831580103417259e-06,5.647586202156733e-08
16,0.75686276,58.37969254280651,5.780542687403972e-06,5.718073733054777e-08
16,0.76078427,56.36063232111273,5.732819314807491e-06,5.654680878886736e-08
16,0.7647059,53.39250956811483,5.681738416923442e-06,5.676418515457793e-08
16,0.76862741,58.79109304430843,5.614326228546605e-06,5.841032373367215e-08
16,0.77254903,55.8936982922713,5.559543916461575e-06,5.451786646739867e-08
16,0.77647054,53.8867937913534,5.495880665361218e-06,5.56525698958795e-08
16,0.78039217,54.97186360495557,5.423054533480347e-06,5.513847521811214e-08
16,0.78431368,53.41914452422924,5.342948223902507e-06,5.143219352638284e-08
16,0.78823531,58.85849959003575,5.274480598299443e-06,5.724289006529931e-08
16,0.79215682,53.43964429651999,5.194157805957874e-06,5.232306095869352e-08
16,0.79607844,53.96500137233062,5.110326324114397e-06,5.531732192648485e-08
16,0.79999995,55.87231249723844,5.023621387634189e-06,5.240762667241089e-08
16,0.80392158,56.13960481032628,4.936289997678453e-06,5.334088598028171e-08
16,0.80784309,55.14481192672341,4.843879989533518e-06,5.076703198926365e-08
16,0.81176472,56.50281315332881,4.746463253428681e-06,5.322882133720967e-08
16,0.81568629,60.65919304979385,4.651356131974806e-06,4.846872853166836e-08
16,0.81960785,54.63106564260305,4.548264726382397e-06,5.153297755119091e-08
16,0.82352942,56.04999054707235,4.44458873021597e-06,4.755707126895886e-08
16,0.82745099,53.7862683525233,4.336931956059298e-06,4.726568712383919e-08
16,0.83137256,56.96925891419735,4.226093274369429e-06,4.542477078319401e-08
16,0.83529413,59.01703320725778,4.115132121297926e-06,4.324858425192852e-08
16,0.8392157,52.37938749848067,3.999940762739493e-06,4.113156277241045e-08
16,0.84313726,55.50470303909901,3.884663247339659e-06,4.110763784858957e-08
16,0.84705883,57.48796554996036,3.764511457653774e-06,4.164221246412717e-08
16,0.8509804,57.26076524345002,3.644383238383717e-06,4.131974841490908e-08
16,0.85490197,57.17239593679786,3.523501121193628e-06,3.944773465901637e-08
16,0.85882354,54.82323106400823,3.396669820057984e-06,3.52933097406016e-08
16,0.86274511,55.04699743240845,3.270848413637346e-06,3.680893366153868e-08
16,0.86666667,53.25613843959328,3.144540677880574e-06,3.563995427371748e-08
16,0.87058824,53.81428811740763,3.017725748753203e-06,3.652069711074264e-08
16,0.87450981,57.18574051746355,2.888522085178925e-06,3.300471921206761e-08
16,0.87843138,56.55058790598442,2.755927803745136e-06,3.066827582967809e-08
16,0.88235295,52.88060549619883,2.62743458474457e-06,2.998087961995013e-08
16,0.88627452,54.47132186993593,2.498144821217772e-06,2.990015978400036e-08
16,0.89019608,55.72565352589373,2.366303828514151e-06,2.843621444391838e-08
16,0.89411765,57.46469476881514,2.234139978884709e-06,2.832927865616215e-08
16,0.89803922,56.71621128710534,2.102226591813886e-06,2.708615890105025e-08
16,0.90196079,57.34608964386072,1.970278730478107e-06,2.775409206087315e-08
16,0.90588236,56.81651634095937,1.838032560157734e-06,2.568362461298399e-08
16,0.90980393,56.07360720800213,1.706135749073049e-06,2.397086001896715e-08
16,0.9137255,55.56890701539307,1.575953496589957e-06,2.332571476399378e-08
16,0.91764706,59.74015677597112,1.447390314063216e-06,2.194998505419907e-08
16,0.92156863,56.54461032138653,1.321199473209145e-06,2.026559273236198e-08
16,0.9254902,55.02584811753484,1.198054478258319e-06,1.966281370205606e-08
16,0.92941177,57.71656485501369,1.077588844539535e-06,1.835014229380578e-08
16,0.93333334,58.21998656512352,9.605345096630833e-07,1.650161273800403e-08
16,0.93725491,60.29441132470514,8.486243313735674e-07,1.531502802559137e-08
16,0.94117647,59.75874338354161,7.405993087420476e-07,1.448031071519565e-08
16,0.94509804,55.19326840491652,6.387244573582898e-07,1.262936999728257e-08
16,0.94901961,58.237845416129,5.435643880480957e-07,1.1211199007649e-08
16,0.95294118,61.64545162864064,4.545771549715033e-07,9.635912076690533e-09
16,0.95686275,57.30750659946822,3.732190885692537e-07,7.736743591759937e-09
16,0.96078432,60.20754545759112,2.993582341876829e-07,7.201874677478121e-09
16,0.96470588,55,2.34913244955725e-07,4.804098205020479e-09
16,0.96862745,55,1.78259246130525e-07,3.799741573833118e-09
16,0.97254902,63,1.304593867471e-07,2.885322436991731e-09
16,0.97647059,65,9.138780067228501e-08,2.107797280741421e-09
16,0.98039216,57,6.06978578365e-08,1.463811579735729e-09
16,0.98431373,66,3.77205395255025e-08,9.555414394079366e-10
16,0.98823529,60,2.1460400367725e-08,5.847828912208399e-10
16,0.99215686,61,1.067566011919425e-08,3.282252731088005e-10
16,0.99607843,57,3.983818194862e-09,1.979070758512646e-10
16,1,71.00000007408377,6.825220081534426e-09,9.016552346057208e-09
